ID,FinalHeight,Flower,FlowerDate,Capsule Count,POP,ML,BLK,Row,ConsumedBefore,Consumption_,Consumption,ID,Capitate,Single,Branched,Peltate,Length,FinalHeight,Seed Count,TRT,TAGID,Height1,Leaf1,Leaf2,HerbDamage1,PerDamage1,Height3,Leaf3,HerbDamage2,PerDamage2,Environment
1,29,0,,1,3,9,1,1,0.056666667,0.056666667,0.056666667,1,5,8,165,9,66863.379,29,40,0,T1_B1_9,6.8,5,5,NA,NA,5.5,6,NA,NA,1
103,60,3,10-Aug,3,3,9,1,2,0.056666667,0.059666667,0.056666667,103,9,10,173,13,74956.603,60,120,0,T1_B1_9,16.5,5,6,NA,NA,37.2,7,NA,NA,1
41,106,12,7-Aug,14,3,9,1,1,0.056666667,0.105666667,0.105666667,41,NA,NA,NA,NA,NA,106,560,0,T1_B1_9,17.8,10,9,NA,NA,47,10,NA,NA,1
170,160,34,3-Aug,101,3,9,1,2,0.056666667,0,0.056666667,170,NA,NA,NA,NA,NA,160,4040,0,T1_B1_9,18.8,8,13,NA,NA,72,23,NA,NA,1
376,159,23,2-Aug,124,3,9,2,4,0.056666667,0,0.056666667,376,NA,NA,NA,NA,NA,159,4960,0,T3_B2_9,18.1,8,11,NA,NA,80,24,NA,NA,1
545,58,2,11-Aug,10,3,9,2,6,0.056666667,0,0.034625,545,NA,NA,NA,NA,NA,58,400,0,T3_B2_9,,,7,NA,NA,30.2,7,NA,NA,1
597,130,13,10-Aug,110,3,9,2,6,0.056666667,0,0.018666667,597,NA,NA,NA,NA,NA,130,4400,0,T1_B2_9,,,8,NA,NA,41,11,NA,NA,1
624,121,4,11-Aug,130,3,9,2,7,0.056666667,0,0.03325,624,NA,NA,NA,NA,NA,121,5200,0,T3_B2_9,,,6,NA,NA,35.6,8,NA,NA,1
920,153,,6-Aug,147,3,9,3,10,0.056666667,0,0.0195,920,NA,NA,NA,NA,NA,153,5880,0,T2_B3_9,30.6,8,11,NA,NA,68,12,NA,NA,1
925,111,,27-Aug,98,3,9,3,10,0.056666667,0,0.086444444,925,NA,NA,NA,NA,NA,111,3920,0,T2_B3_9,25.5,5,7,NA,NA,33.6,8,NA,NA,1
69,91,13,6-Aug,19,3,12,1,1,0.1485,0.1485,0.1485,69,NA,NA,NA,NA,NA,91,760,0,T1_B1_12,15,7,9,NA,NA,51.5,8,NA,NA,1
113,121,29,2-Aug,33,3,12,1,2,0.1485,0.2205,0.2205,113,NA,NA,NA,NA,NA,121,1320,0,T1_B1_12,17,7,9,NA,NA,59.3,11,NA,NA,1
162,149,61,29-Jul,86,3,12,1,2,0.1485,0.232166667,0.232166667,162,NA,NA,NA,NA,NA,149,3440,0,T1_B1_12,18.5,8,10,NA,NA,69,22,NA,NA,1
276,120,12,3-Aug,23,3,12,1,3,0.1485,0,0.1485,276,NA,NA,NA,NA,NA,120,920,0,T2_B1_12,18.5,5,6,NA,NA,40.5,10,NA,NA,1
362,140,29,3-Aug,111,3,12,2,4,0.1485,0,0.1485,362,NA,NA,NA,NA,NA,140,4440,0,T3_B2_12,18.5,7,9,NA,NA,60.4,11,NA,NA,1
560,159,60,1-Aug,184,3,12,2,6,0.1485,0,0.050055556,560,NA,NA,NA,NA,NA,159,7360,0,T3_B2_12,,,12,NA,NA,65.8,20,NA,NA,1
579,98,4,13-Aug,78,3,12,2,6,,0,0.056666667,579,NA,NA,NA,NA,NA,98,3120,0,T3_B2_12,,,9,NA,NA,,,NA,NA,1
590,113,19,9-Aug,91,3,12,2,6,0.1485,0.178833333,0.049555556,590,NA,NA,NA,NA,NA,113,3640,0,T1_B2_12,,,9,NA,NA,42,10,NA,NA,1
713,151,27,2-Aug,177,3,12,2,8,0.1485,0.16275,0.2555,713,NA,NA,NA,NA,NA,151,7080,0,T3_B2_12,,,10,NA,NA,66.3,15,NA,NA,1
809,121,,10-Aug,31,3,12,3,9,0.1485,0,6.212,809,NA,NA,NA,NA,NA,121,1240,0,T2_B3_12,17,5,8,NA,NA,33,10,NA,NA,1
867,148,,4-Aug,137,3,12,3,9,0.1485,0,0.071833333,867,NA,NA,NA,NA,NA,148,5480,0,T1_B3_12,18,7,10,NA,NA,66,11,NA,NA,1
931,152,,2-Aug,170,3,12,3,10,0.1485,0,0.011333333,931,NA,NA,NA,NA,NA,152,6800,0,T2_B3_12,29,8,11,NA,NA,67,19,NA,NA,1
604,139,19,6-Aug,141,3,15,2,7,0.0348,0.0388,0.025222222,604,19,59,101,17,49465.126,139,5640,0,T3_B2_15,,,9,NA,NA,60.5,11,NA,NA,1
697,27,5,10-Aug,14,3,15,2,7,0.0348,0,0.07,697,33,9,58,4,26186.003,27,560,0,T3_B2_15,,,6,NA,NA,45,8,NA,NA,1
626,51,0,27-Aug,5,3,15,2,7,0.0348,0,0.056666667,626,42,28,30,9,20081.036,51,200,0,T3_B2_15,,,5,NA,NA,25.4,6,NA,NA,1
30,160,,,104,3,15,1,1,0.0348,0.159466667,0.159466667,30,NA,NA,NA,NA,NA,160,4160,0,T1_B1_15,27.5,14,20,NA,NA,82,32,NA,NA,1
54,94,10,8-Aug,9,3,15,1,1,0.0348,0.0348,0.0348,54,NA,NA,NA,NA,NA,94,360,0,T2_B1_15,10.3,6,8,NA,NA,37.5,8,NA,NA,1
174,139,44,1-Aug,57,3,15,1,2,0.0348,0,0.0348,174,NA,NA,NA,NA,NA,139,2280,0,T2_B1_15,15,8,10,NA,NA,62.7,13,NA,NA,1
314,129,10,8-Aug,,3,15,2,4,0.0348,0,0.0348,314,NA,NA,NA,NA,NA,129,1476,0,T2_B1_15,16,6,10,NA,NA,50.2,10,NA,NA,1
346,72,7,8-Aug,65,3,15,2,4,0.0348,0,0.0348,346,NA,NA,NA,NA,NA,72,2600,0,T3_B1_15,11.8,5,7,NA,NA,30,7,NA,NA,1
351,108,8,10-Aug,68,3,15,2,4,0.0348,0,0.0348,351,NA,NA,NA,NA,NA,108,2720,0,T3_B1_15,9.7,6,7,NA,NA,50.2,9,NA,NA,1
371,128,25,1-Aug,107,3,15,2,4,0.0348,0,0.0348,371,NA,NA,NA,NA,NA,128,4280,0,T3_B2_15,15.4,6,9,NA,NA,60.33,12,NA,NA,1
498,167,44,1-Aug,,3,15,2,5,0.0348,0,0.0445,498,NA,NA,NA,NA,NA,167,182,0,T3_B2_15,,,,NA,NA,65.2,13,NA,NA,1
722,142,22,4-Aug,112,3,15,3,8,0.0348,0.03705,0.093666666,722,NA,NA,NA,NA,NA,142,4480,0,T2_B3_15,,,8,NA,NA,,,NA,NA,1
810,0,,,,3,15,3,9,0.0348,0.0348,0.1485,810,NA,NA,NA,NA,NA,0,0,0,T2_B3_15,14,4,5,NA,NA,,,NA,NA,1
927,161,,5-Aug,187,3,15,3,10,0.0348,0.042466667,0,927,NA,NA,NA,NA,NA,161,7480,0,T3_B3_15,21.7,8,10,NA,NA,43,13,NA,NA,1
25,73,3,12-Aug,5,3,16,1,1,0.018333333,0.024333333,0.024333333,25,NA,NA,NA,NA,NA,73,200,0,T1_B1_16,7.8,6,5,NA,NA,23.5,7,NA,NA,1
44,60,4,10-Aug,4,3,16,1,1,0.018333333,0.018333333,0.018333333,44,NA,NA,NA,NA,NA,60,160,0,T2_B1_16,6.7,6,7,NA,NA,24.4,7,NA,NA,1
147,36,0,,1,3,16,1,2,0.018333333,0.018333333,0.018333333,147,NA,NA,NA,NA,NA,36,40,0,T2_B1_16,6.8,6,6,NA,NA,15.7,5,NA,NA,1
315,,,,68,3,16,2,4,,0,0,315,NA,NA,NA,NA,NA,,2720,0,T2_B1_16,,,,NA,NA,,,NA,NA,1
317,107,8,8-Aug,,3,16,2,4,0.018333333,0,0.022333333,317,NA,NA,NA,NA,NA,107,816,0,T2_B1_16,10.3,5,7,NA,NA,30.4,5,NA,NA,1
321,101,12,7-Aug,23,3,16,2,4,0.018333333,0,0.018333333,321,NA,NA,NA,NA,NA,101,920,0,T3_B1_16,14.5,5,6,NA,NA,40.4,9,NA,NA,1
689,53,0,,4,3,16,2,7,0.018333333,0,0.212333333,689,NA,NA,NA,NA,NA,53,160,0,T3_B2_16,,,5,NA,NA,23,5,NA,NA,1
721,130,19,4-Aug,101,3,16,3,8,0.018333333,0.093666666,0.068333333,721,NA,NA,NA,NA,NA,130,4040,0,T2_B3_16,,,8,NA,NA,61,9,NA,NA,1
921,41,,29-Aug,22,3,16,3,10,0.018333333,0.024333333,0.056666667,921,NA,NA,NA,NA,NA,41,880,0,T2_B3_16,11.8,5,6,NA,NA,19,3,NA,NA,1
961,89,,22-Aug,96,3,16,3,10,0.018333333,0,0.071833333,961,NA,NA,NA,NA,NA,89,3840,0,T2_B3_16,,,7,NA,NA,29.2,8,NA,NA,1
616,172,10,8-Aug,167,3,19,2,7,,0.004,0.022,616,4,185,33,21,34016.009,172,6680,0,T3_B2_19,,,10,NA,NA,72.4,12,NA,NA,1
499,153,36,2-Aug,,3,19,2,5,,0,0.0348,499,6,33,78,10,43671.41,153,170,0,T3_B2_19,,,,NA,NA,,,NA,NA,1
683,129,13,5-Aug,54,3,19,2,7,,0,0.022333333,683,11,51,49,8,24948.855,129,2160,0,T3_B2_19,,,9,NA,NA,60,10,NA,NA,1
58,109,13,4-Aug,26,3,19,1,1,,0,0,58,NA,NA,NA,NA,NA,109,1040,0,T1_B1_19,12.3,8,9,NA,NA,46.7,8,NA,NA,1
207,54,0,22-Aug,2,3,19,1,3,,0,0,207,NA,NA,NA,NA,NA,54,80,0,T2_B1_19,,,5,NA,NA,10.3,5,NA,NA,1
243,33,0,27-Aug,2,3,19,1,3,,0,0,243,NA,NA,NA,NA,NA,33,80,0,T3_B1_19,16.5,5,5,NA,NA,20,4,NA,NA,1
573,105,3,11-Aug,88,3,19,2,6,,0.038333333,0.484666666,573,NA,NA,NA,NA,NA,105,3520,0,T1_B2_19,,,9,NA,NA,40,8,NA,NA,1
727,84,0,21-Aug,14,3,19,3,8,,0,0.01375,727,NA,NA,NA,NA,NA,84,560,0,T2_B3_19,,,6,NA,NA,32.5,6,NA,NA,1
818,137,,4-Aug,45,3,19,3,9,,0,0.004,818,NA,NA,NA,NA,NA,137,1800,0,T2_B3_19,12,7,9,NA,NA,36.5,10,NA,NA,1
859,120,,19-Aug,77,3,19,3,9,,0,0.004,859,NA,NA,NA,NA,NA,120,3080,0,T2_B3_19,9,7,9,NA,NA,44,9,NA,NA,1
934,130,,7-Aug,127,3,19,3,10,,0,0.0035,934,NA,NA,NA,NA,NA,130,5080,0,T2_B3_19,16.5,5,8,NA,NA,41,11,NA,NA,1
967,151,,5-Aug,162,3,23,3,10,0.1715,0.1845,0.087444444,967,NA,NA,NA,NA,NA,151,6480,0,T2_B3_23,25.5,7,11,NA,NA,67,17,NA,NA,1
617,179,20,11-Aug,172,3,24,2,7,0.022333333,0.096761904,0.004,617,3,68,58,17,30510.255,179,6880,0,T3_B2_24,,,12,NA,NA,92.3,37,NA,NA,1
800,58,0,28-Aug,5,3,24,3,8,0.022333333,0.022333333,0.0035,800,5,59,60,7,23882.182,58,200,0,T1_B3_24,8,7,8,NA,NA,26.5,8,NA,NA,1
339,87,4,10-Aug,,3,24,2,4,0.022333333,0,0.022333333,339,6,41,143,8,58697.879,87,366,0,T1_B3_24,,,6,NA,NA,30.9,8,NA,NA,1
581,79,0,17-Aug,82,3,24,2,6,0.022333333,0,0.148625,581,7,21,107,7,37822.241,79,3280,0,T1_B2_24,,,7,NA,NA,36,7,NA,NA,1
682,114,6,9-Aug,21,3,24,2,7,0.022333333,0,0.071833333,682,9,23,44,5,22379.954,114,840,0,T3_B2_24,,,6,NA,NA,49.5,10,NA,NA,1
220,148,9,8-Aug,89,3,24,1,3,0.022333333,0,0.022333333,220,NA,NA,NA,NA,NA,148,3560,0,T2_B1_24,21.5,6,11,NA,NA,50.9,14,NA,NA,1
258,48,3,12-Aug,16,3,24,1,3,0.022333333,0.026,0.026,258,NA,NA,NA,NA,NA,48,640,0,T2_B1_24,10,6,7,NA,NA,20.5,7,NA,NA,1
480,179,16,5-Aug,,3,24,2,5,0.022333333,0,0.001333333,480,NA,NA,NA,NA,NA,179,4830,0,T3_B2_24,,,,NA,NA,63.5,20,NA,NA,1
723,126,6,10-Aug,28,3,24,3,8,0.022333333,0,0.03705,723,NA,NA,NA,NA,NA,126,1120,0,T2_B3_24,,,8,NA,NA,45.3,10,NA,NA,1
786,105,7,8-Aug,26,3,29,3,8,0.212333333,0.212333333,0.175625,786,6,60,116,13,46944.997,105,1040,0,T1_B3_29,26,7,8,NA,NA,57,9,NA,NA,1
211,122,6,9-Aug,21,3,29,1,3,0.212333333,0,0.212333333,211,NA,NA,NA,NA,NA,122,840,0,T2_B1_29,17,6,9,NA,NA,50.2,10,NA,NA,1
278,86,3,11-Aug,7,3,29,1,3,0.212333333,0,0.212333333,278,NA,NA,NA,NA,NA,86,280,0,T3_B1_29,17.7,6,6,NA,NA,30.3,8,NA,NA,1
347,93,1,15-Aug,27,3,29,2,4,0.212333333,0,0.213,347,NA,NA,NA,NA,NA,93,1080,0,T3_B1_29,6.3,4,6,NA,NA,30.3,6,NA,NA,1
496,117,15,7-Aug,,3,29,2,5,0.212333333,0,0.004666667,496,NA,NA,NA,NA,NA,117,96,0,T3_B2_29,,,,NA,NA,75,19,NA,NA,1
686,151,19,5-Aug,85,3,29,2,7,0.212333333,0,0.110333333,686,NA,NA,NA,NA,NA,151,3400,0,T3_B2_29,,,10,NA,NA,78.5,18,NA,NA,1
846,,,,,3,29,3,9,0.212333333,0,0.041,846,NA,NA,NA,NA,NA,,0,0,T2_B3_29,10,5,,NA,NA,,,NA,NA,1
943,121,,21-Aug,98,3,29,3,10,0.212333333,0,0.07,943,NA,NA,NA,NA,NA,121,3920,0,T3_B3_29,24.1,7,8,NA,NA,43,8,NA,NA,1
964,133,,18-Aug,124,3,29,3,10,0.212333333,0.218,0.110333333,964,NA,NA,NA,NA,NA,133,4960,0,T2_B3_29,15.2,7,9,NA,NA,43,10,NA,NA,1
269,87,2,11-Aug,9,4,34,1,3,0.0615,0.062166667,0.062166667,269,NA,NA,NA,NA,NA,87,360,0,T2_B1_34,7.8,5,9,NA,NA,20.8,7,NA,NA,1
74,106,5,9-Aug,25,6,45,1,1,0.041,0.11,0.11,74,NA,NA,NA,NA,NA,106,1000,0,T2_B1_45,,,9,NA,NA,40.5,9,NA,NA,1
598,118,15,9-Aug,90,6,45,2,6,0.041,0.043,0.059666667,598,NA,NA,NA,NA,NA,118,3600,0,T1_B2_45,,,8,NA,NA,40,9,NA,NA,1
844,,,,,6,45,3,9,0.041,0.041,0.071833333,844,NA,NA,NA,NA,NA,,0,0,T2_B3_45,,,9,NA,NA,,,NA,NA,1
969,61,,27-Aug,53,7,53,3,10,0.004,0.004,0.0195,969,7,17,91,8,40574.632,61,2120,0,T2_B3_53,7.7,5,7,NA,NA,17,7,NA,NA,1
494,,35,3-Aug,,7,53,2,5,0.004,0.004,5.320833333,494,8,15,89,0,40304.796,,138,0,T3_B2_53,,,,NA,NA,37.5,8,NA,NA,1
102,62,5,8-Aug,3,7,53,1,2,0.004,0.043666667,0.043666667,102,13,11,182,7,70016.91,62,120,0,T1_B1_53,12.3,6,7,NA,NA,28,5,NA,NA,1
56,74,0,,3,7,53,1,1,0.004,0,0.004,56,NA,NA,NA,NA,NA,74,120,0,T2_B1_53,8,6,8,NA,NA,28.2,9,NA,NA,1
176,63,5,9-Aug,5,7,53,1,2,0.004,0.0175,0.0175,176,NA,NA,NA,NA,NA,63,200,0,T1_B1_53,11.6,6,6,NA,NA,38,8,NA,NA,1
216,146,10,6-Aug,58,7,53,1,3,0.004,0,0.004,216,NA,NA,NA,NA,NA,146,2320,0,T2_B1_53,14.1,5,11,NA,NA,50.9,15,NA,NA,1
364,63,0,20-Aug,4,7,53,2,4,0.004,0,0.004,364,NA,NA,NA,NA,NA,63,160,0,T3_B2_53,9.1,5,6,NA,NA,20.8,6,NA,NA,1
465,116,4,11-Aug,,7,53,2,5,0.004,0,0.036,465,NA,NA,NA,NA,NA,116,670,0,T3_B2_53,,,,NA,NA,40,8,NA,NA,1
481,169,9,9-Aug,,7,53,2,5,0.004,0,0.022333333,481,NA,NA,NA,NA,NA,169,90,0,T3_B2_53,,,,NA,NA,78,12,NA,NA,1
635,154,10,8-Aug,124,7,53,2,7,0.004,0.072666667,6.215,635,NA,NA,NA,NA,NA,154,4960,0,T3_B2_53,,,9,NA,NA,62.5,10,NA,NA,1
718,151,10,8-Aug,164,7,53,2,8,0.004,0,0.213666666,718,NA,NA,NA,NA,NA,151,6560,0,T3_B2_53,,,13,NA,NA,59.9,16,NA,NA,1
788,89,7,8-Aug,67,7,53,3,8,0.004,0,0.004,788,NA,NA,NA,NA,NA,89,2680,0,T1_B3_53,21,8,8,NA,NA,52,9,NA,NA,1
855,118,,18-Aug,82,7,53,3,9,0.004,0,0.03325,855,NA,NA,NA,NA,NA,118,3280,0,T2_B3_53,,,8,NA,NA,31.5,10,NA,NA,1
956,134,,12-Aug,121,7,53,3,10,0.004,0.018666667,0.004,956,NA,NA,NA,NA,NA,134,4840,0,T3_B3_53,20,7,10,NA,NA,44.5,10,NA,NA,1
873,152,,8-Aug,143,8,57,3,9,0.0035,0.0035,0,873,6,9,28,2,12441.215,152,5720,0,T1_B3_57,23,8,12,NA,NA,67,20,NA,NA,1
332,73,0,17-Aug,,8,57,2,4,0.0035,0.0035,0.0035,332,19,30,71,6,38588.886,73,185,0,T3_B1_57,12.5,5,5,NA,NA,30.4,7,NA,NA,1
136,130,31,1-Aug,36,8,57,1,2,0.0035,0,0.0035,136,NA,NA,NA,NA,NA,130,1440,0,T1_B1_57,22.9,8,13,NA,NA,58.9,12,NA,NA,1
226,111,11,8-Aug,22,8,57,1,3,0.0035,0,0.0035,226,NA,NA,NA,NA,NA,111,880,0,T2_B1_57,13,6,9,NA,NA,40.1,9,NA,NA,1
262,100,16,2-Aug,19,8,57,1,3,0.0035,0,0.0035,262,NA,NA,NA,NA,NA,100,760,0,T2_B1_57,20.6,4,8,NA,NA,40.9,11,NA,NA,1
334,106,18,3-Aug,,8,57,2,4,0.0035,0,0.0035,334,NA,NA,NA,NA,NA,106,762,0,T3_B1_57,15.4,5,10,NA,NA,50.3,9,NA,NA,1
360,149,33,1-Aug,154,8,57,2,4,0.0035,0,0.0035,360,NA,NA,NA,NA,NA,149,6160,0,T3_B1_57,17.3,7,9,NA,NA,80,14,NA,NA,1
370,128,9,8-Aug,76,8,57,2,4,0.0035,0,0.0035,370,NA,NA,NA,NA,NA,128,3040,0,T3_B2_57,12,6,8,NA,NA,50.7,11,NA,NA,1
378,130,30,1-Aug,182,8,57,2,4,0.0035,0,0.0035,378,NA,NA,NA,NA,NA,130,7280,0,T3_B2_57,15,,11,NA,NA,60.9,8,NA,NA,1
483,154,47,2-Aug,,8,57,2,5,0.0035,0,0.080583333,483,NA,NA,NA,NA,NA,154,128,0,T3_B2_57,,,,NA,NA,70.5,10,NA,NA,1
542,119,21,4-Aug,,8,57,2,6,0.0035,0.731,0.424833333,542,NA,NA,NA,NA,NA,119,0,0,T3_B2_57,,,8,NA,NA,47.6,9,NA,NA,1
736,93,9,8-Aug,21,8,57,3,8,0.0035,0.0035,0.036,736,NA,NA,NA,NA,NA,93,840,0,T2_B3_57,,,8,NA,NA,38.5,8,NA,NA,1
798,105,23,3-Aug,27,8,57,3,8,0.0035,0,0.0155,798,NA,NA,NA,NA,NA,105,1080,0,T1_B3_57,26,7,9,NA,NA,63,10,NA,NA,1
833,133,,7-Aug,64,8,57,3,9,0.0035,0,0.110333333,833,NA,NA,NA,NA,NA,133,2560,0,T2_B3_57,11,6,8,NA,NA,51,11,NA,NA,1
918,155,,4-Aug,133,8,57,3,10,0.0035,0,0.07,918,NA,NA,NA,NA,NA,155,5320,0,T2_B3_57,32.3,8,11,NA,NA,72,18,NA,NA,1
932,116,,6-Aug,99,8,57,3,10,0.0035,0,0.1485,932,NA,NA,NA,NA,NA,116,3960,0,T3_B3_57,23.5,6,9,NA,NA,43,13,NA,NA,1
965,163,,7-Aug,170,8,57,3,10,0.0035,0.008833333,0.218,965,NA,NA,NA,NA,NA,163,6800,0,T2_B3_57,19.3,8,10,NA,NA,63.2,14,NA,NA,1
824,130,,8-Aug,56,8,59,3,9,0.004666667,0.004666667,0.014333333,824,17,18,46,4,27900.225,130,2240,0,T2_B3_23,12,6,10,NA,NA,45,10,NA,NA,1
27,81,5,10-Aug,10,8,59,1,1,0.004666667,0.019333334,0.019333334,27,NA,NA,NA,NA,NA,81,400,0,T1_B1_59,10.5,7,6,NA,NA,33.5,9,NA,NA,1
31,89,15,6-Aug,13,8,59,1,1,0.004666667,0,0.004666667,31,NA,NA,NA,NA,NA,89,520,0,T1_B1_23,18.6,5,8,NA,NA,47,9,NA,NA,1
171,110,5,9-Aug,10,8,59,1,2,0.004666667,0,0.004666667,171,NA,NA,NA,NA,NA,110,400,0,T1_B1_59,7,5,8,NA,NA,40.3,9,NA,NA,1
179,172,32,5-Aug,66,8,59,1,2,0.004666667,0,0.004666667,179,NA,NA,NA,NA,NA,172,2640,0,T1_B1_59,19.8,8,11,NA,NA,72,20,NA,NA,1
229,143,36,2-Aug,143,8,59,1,3,0.004666667,10.02233334,10.02233334,229,NA,NA,NA,NA,NA,143,5720,0,T2_B1_59,16.2,7,17,NA,NA,60,17,NA,NA,1
272,43,0,,2,8,59,1,3,0.004666667,0.004666667,0.004666667,272,NA,NA,NA,NA,NA,43,80,0,T2_B1_23,7.8,6,5,NA,NA,10.7,6,NA,NA,1
280,61,0,,3,8,59,1,3,0.004666667,0,0.004666667,280,NA,NA,NA,NA,NA,61,120,0,T3_B1_59,8.7,5,5,NA,NA,20,6,NA,NA,1
305,121,31,4-Aug,42,8,59,2,4,0.004666667,0,0.004666667,305,NA,NA,NA,NA,NA,121,1680,0,T2_B1_23,16.8,5,7,NA,NA,50.3,10,NA,NA,1
367,126,27,1-Aug,125,8,59,2,4,0.004666667,0,0.004666667,367,NA,NA,NA,NA,NA,126,5000,0,T3_B2_59,11.8,7,10,NA,NA,60.3,10,NA,NA,1
374,99,5,8-Aug,70,8,59,2,4,0.004666667,0,0.004666667,374,NA,NA,NA,NA,NA,99,2800,0,T3_B2_59,9,5,7,NA,NA,40.2,9,NA,NA,1
495,91,3,3-Aug,,8,59,2,5,0.004666667,0,0.004,495,NA,NA,NA,NA,NA,91,89,0,T3_B2_59,,,,NA,NA,51,9,NA,NA,1
570,120,0,,0,8,59,2,6,0.004666667,0.047166667,6.313,570,NA,NA,NA,NA,NA,120,0,0,T1_B2_59,,,9,NA,NA,46,9,NA,NA,1
729,95,12,6-Aug,19,8,59,3,8,0.004666667,0.004666667,0,729,NA,NA,NA,NA,NA,95,760,0,T2_B3_59,,,6,NA,NA,44,8,NA,NA,1
879,37,,29-Aug,2,8,59,3,9,0.004666667,0,0.0195,879,NA,NA,NA,NA,NA,37,80,0,T1_B3_23,7,5,5,NA,NA,16,6,NA,NA,1
910,92,,19-Aug,78,8,59,3,10,0.004666667,0,0.034625,910,NA,NA,NA,NA,NA,92,3120,0,T2_B3_23,17,6,9,NA,NA,42,10,NA,NA,1
915,151,,6-Aug,176,8,59,3,10,0.004666667,0,0.001333333,915,NA,NA,NA,NA,NA,151,7040,0,T2_B3_59,31.5,7,9,NA,NA,69,14,NA,NA,1
937,119,,6-Aug,112,8,59,3,10,0.004666667,0,0.056666667,937,NA,NA,NA,NA,NA,119,4480,0,T3_B3_59,18.7,6,9,NA,NA,53.4,10,NA,NA,1
971,106,,23-Aug,97,8,59,3,10,0.004666667,0,0.049555556,971,NA,NA,NA,NA,NA,106,3880,0,T2_B3_59,19.6,7,7,NA,NA,34,9,NA,NA,1
336,153,11,8-Aug,,8,63,2,4,0.071833333,0.071833333,0.071833333,336,6,83,51,10,21679.767,153,1131,0,T3_B1_63,20.3,7,9,NA,NA,70,19,NA,NA,1
866,149,,6-Aug,131,8,63,3,9,0.071833333,0.06,0.082333333,866,10,61,64,10,30529.689,149,5240,0,T1_B3_63,19,9,9,NA,NA,68,10,NA,NA,1
681,110,3,11-Aug,33,8,63,2,7,0.071833333,0.083,0.034625,681,16,27,57,6,22844.113,110,1320,0,T3_B2_63,,,7,NA,NA,52,8,NA,NA,1
75,95,3,12-Aug,9,8,63,1,1,0.071833333,0,0.071833333,75,NA,NA,NA,NA,NA,95,360,0,T2_B1_63,,,8,NA,NA,36.6,9,NA,NA,1
157,124,3,10-Aug,16,8,63,1,2,0.071833333,0,0.071833333,157,NA,NA,NA,NA,NA,124,640,0,T1_B1_63,18,6,7,NA,NA,48.6,8,NA,NA,1
236,169,7,3-Aug,57,8,63,1,3,0.071833333,0,0.081833333,236,NA,NA,NA,NA,NA,169,2280,0,T2_B1_63,24.5,11,19,NA,NA,60.3,21,NA,NA,1
264,139,9,4-Aug,30,8,63,1,3,0.071833333,0,0.071833333,264,NA,NA,NA,NA,NA,139,1200,0,T2_B1_63,25,4,8,NA,NA,60.3,13,NA,NA,1
307,100,1,15-Aug,13,8,63,2,4,0.071833333,0,0.071833333,307,NA,NA,NA,NA,NA,100,520,0,T2_B1_63,12.9,5,6,NA,NA,30,9,NA,NA,1
309,156,7,8-Aug,44,8,63,2,4,0.071833333,0,0.071833333,309,NA,NA,NA,NA,NA,156,1760,0,T2_B1_63,21.6,6,9,NA,NA,60,15,NA,NA,1
476,143,3,11-Aug,,8,63,2,5,0.071833333,0,0.004,476,NA,NA,NA,NA,NA,143,1380,0,T3_B2_63,,,,NA,NA,45.3,10,NA,NA,1
561,173,13,7-Aug,135,8,63,2,6,0.071833333,0,0.1485,561,NA,NA,NA,NA,NA,173,5400,0,T1_B2_63,,,10,NA,NA,64.2,19,NA,NA,1
564,144,4,11-Aug,90,8,63,2,6,0.071833333,0,0.110333333,564,NA,NA,NA,NA,NA,144,3600,0,T1_B2_63,,,9,NA,NA,45.5,11,NA,NA,1
740,179,12,6-Aug,146,8,63,3,8,0.071833333,0,0.173666667,740,NA,NA,NA,NA,NA,179,5840,0,T2_B3_63,,,14,NA,NA,80.2,25,NA,NA,1
843,168,,2-Aug,164,8,63,3,9,0.071833333,0,0.0445,843,NA,NA,NA,NA,NA,168,6560,0,T2_B3_63,20,6,9,NA,NA,50,13,NA,NA,1
903,122,,18-Aug,22,8,63,3,10,0.071833333,0,0.110333333,903,NA,NA,NA,NA,NA,122,880,0,T2_B3_63,25.5,4,6,NA,NA,46,9,NA,NA,1
960,150,,10-Aug,160,8,63,3,10,0.071833333,0,0.0445,960,NA,NA,NA,NA,NA,150,6400,0,T3_B3_63,32.5,6,8,NA,NA,51.6,11,NA,NA,1
840,106,,10-Aug,24,8,65,3,9,0.018666667,0.018666667,6.212,840,5,22,69,15,24195.175,106,960,0,T2_B3_58,9,5,8,NA,NA,27,8,NA,NA,1
595,58,5,10-Aug,43,8,65,2,6,0.018666667,0.02,0.176166667,595,6,17,50,11,15069.156,58,1720,0,T1_B2_65,,,8,NA,NA,30.2,8,NA,NA,1
690,97,22,3-Aug,69,8,65,2,7,0.018666667,0.106333334,0.018333333,690,10,59,66,6,30939.538,97,2760,0,T3_B2_65,,,10,NA,NA,53.2,11,NA,NA,1
21,91,3,12-Aug,9,8,65,1,1,0.018666667,0.032333334,0.032333334,21,NA,NA,NA,NA,NA,91,360,0,T1_B1_58,9,6,7,NA,NA,28,8,NA,NA,1
274,123,27,4-Aug,34,8,65,1,3,0.018666667,0.022666667,0.022666667,274,NA,NA,NA,NA,NA,123,1360,0,T2_B1_58,21.2,7,10,NA,NA,60,10,NA,NA,1
547,151,30,3-Aug,135,8,65,2,6,0.018666667,0.018666667,0.059166667,547,NA,NA,NA,NA,NA,151,5400,0,T3_B2_65,,,11,NA,NA,63.4,12,NA,NA,1
548,86,7,8-Aug,75,8,65,2,6,0.018666667,0.090166667,0.018666667,548,NA,NA,NA,NA,NA,86,3000,0,T3_B2_65,,,7,NA,NA,42,8,NA,NA,1
615,149,19,6-Aug,130,8,65,2,7,0.018666667,0.022,0.068333333,615,NA,NA,NA,NA,NA,149,5200,0,T3_B2_65,,,9,NA,NA,57.3,11,NA,NA,1
783,109,20,5-Aug,35,8,65,3,8,0.018666667,0,0.015,783,NA,NA,NA,NA,NA,109,1400,0,T1_B3_58,15,6,10,NA,NA,60.5,10,NA,NA,1
929,130,,21-Aug,127,8,65,3,10,0.018666667,0,0,929,NA,NA,NA,NA,NA,130,5080,0,T3_B3_58,13.7,7,8,NA,NA,38.3,8,NA,NA,1
123,90,4,9-Aug,6,8,67,1,2,0.034625,0.034625,0.034625,123,8,24,85,6,35762.73,90,240,0,T1_B1_67,12.7,5,7,NA,NA,34,8,NA,NA,1
784,164,33,3-Aug,126,8,67,3,8,0.034625,0.175625,0.018666667,784,9,26,97,10,35285.667,164,5040,0,T1_B3_67,20,10,22,NA,NA,79.5,29,NA,NA,1
944,79,,28-Aug,56,8,67,3,10,0.034625,0.028,0.212333333,944,12,36,144,10,56334.34,79,2240,0,T3_B3_67,13.2,6,6,NA,NA,26,7,NA,NA,1
148,130,12,4-Aug,30,8,67,1,2,0.034625,0,0.034625,148,NA,NA,NA,NA,NA,130,1200,0,T2_B1_67,16,6,8,NA,NA,55.2,13,NA,NA,1
306,78,0,,7,8,67,2,4,0.034625,0,0.034625,306,NA,NA,NA,NA,NA,78,280,0,T2_B1_67,15.8,5,6,NA,NA,20.4,7,NA,NA,1
349,90,4,12-Aug,29,8,67,2,4,0.034625,0,0.034625,349,NA,NA,NA,NA,NA,90,1160,0,T3_B1_67,12.7,6,8,NA,NA,30.7,8,NA,NA,1
377,160,16,6-Aug,97,8,67,2,4,0.034625,0,0.034625,377,NA,NA,NA,NA,NA,160,3880,0,T3_B2_67,18.5,,14,NA,NA,70.5,19,NA,NA,1
380,175,12,8-Aug,90,8,67,2,4,0.034625,0,0.034625,380,NA,NA,NA,NA,NA,175,3600,0,T3_B2_67,19.5,,11,NA,NA,70.8,16,NA,NA,1
544,54,0,29-Aug,3,8,67,2,6,0.034625,0.034625,0.731,544,NA,NA,NA,NA,NA,54,120,0,T3_B2_67,,,6,NA,NA,24,6,NA,NA,1
580,174,48,2-Aug,187,8,67,2,6,0.034625,0.148625,0,580,NA,NA,NA,NA,NA,174,7480,0,T1_B2_67,,,16,NA,NA,72.5,33,NA,NA,1
680,120,7,8-Aug,37,8,67,2,7,0.034625,0.034625,0.0615,680,NA,NA,NA,NA,NA,120,1480,0,T1_B2_67,,,8,NA,NA,50.2,10,NA,NA,1
710,124,5,12-Aug,92,8,67,2,8,0.034625,0.038625,0.014333333,710,NA,NA,NA,NA,NA,124,3680,0,T3_B2_67,,,8,NA,NA,,,NA,NA,1
906,159,,20-Aug,101,8,67,3,10,0.034625,0.034625,0.071833333,906,NA,NA,NA,NA,NA,159,4040,0,T2_B3_67,26.5,8,9,NA,NA,54,11,NA,NA,1
133,90,9,8-Aug,15,8,68,1,2,0.004333333,0.004333333,0.004333333,133,3,39,45,8,20764.094,90,600,0,T1_B1_68,10,6,9,NA,NA,46,9,NA,NA,1
980,44,,28-Aug,32,8,68,3,10,0.004333333,0.0032145,0.068333333,980,8,35,64,8,28401.805,44,1280,0,T2_B3_68,14.1,6,6,NA,NA,19,5,NA,NA,1
834,164,,1-Aug,93,8,68,3,9,0.004333333,0.010833333,0.0035,834,13,39,93,8,36452.473,164,3720,0,T2_B3_68,14,8,10,NA,NA,53.5,10,NA,NA,1
583,115,8,8-Aug,96,8,68,2,6,0.004333333,0.025333333,0.022333333,583,18,39,42,6,24893.477,115,3840,0,T1_B2_68,,,9,NA,NA,49,11,NA,NA,1
26,94,6,10-Aug,8,8,68,1,1,0.004333333,0,0.004333333,26,NA,NA,NA,NA,NA,94,320,0,T1_B1_68,13.2,,8,NA,NA,48.5,8,NA,NA,1
64,69,3,8-Aug,8,8,68,1,1,0.004333333,0,0.004333333,64,NA,NA,NA,NA,NA,69,320,0,T2_B1_68,8,6,7,NA,NA,35,7,NA,NA,1
158,91,6,8-Aug,10,8,68,1,2,0.004333333,0,0.004333333,158,NA,NA,NA,NA,NA,91,400,0,T1_B1_68,12.3,5,6,NA,NA,38.8,7,NA,NA,1
279,149,27,1-Aug,59,8,68,1,3,0.004333333,0,0.004333333,279,NA,NA,NA,NA,NA,149,2360,0,T3_B1_68,25.1,8,12,NA,NA,60.5,15,NA,NA,1
445,86,2,10-Aug,,8,68,2,5,0.004333333,0,0.036,445,NA,NA,NA,NA,NA,86,384,0,T3_B2_68,,,,NA,NA,25,8,NA,NA,1
452,172,52,1-Aug,,8,68,2,5,0.004333333,0,0.001333333,452,NA,NA,NA,NA,NA,172,6821,0,T3_B2_68,,,,NA,NA,67.7,23,NA,NA,1
611,180,50,1-Aug,220,8,68,2,7,0.004333333,0,0.110333333,611,NA,NA,NA,NA,NA,180,8800,0,T3_B2_68,,,13,NA,NA,87.5,37,NA,NA,1
702,117,5,9-Aug,88,8,68,2,8,0.004333333,0,0.04925,702,NA,NA,NA,NA,NA,117,3520,0,T3_B2_68,,,7,NA,NA,36.3,8,NA,NA,1
812,51,,28-Aug,4,8,68,3,9,0.004333333,0,0.0348,812,NA,NA,NA,NA,NA,51,160,0,T2_B3_68,17,5,5,NA,NA,27.5,6,NA,NA,1
930,143,,25-Aug,164,8,68,3,10,0.004333333,0,0.018666667,930,NA,NA,NA,NA,NA,143,6560,0,T3_B3_68,16.7,7,9,NA,NA,44,9,NA,NA,1
585,48,1,14-Aug,30,8,70,2,6,0.001333333,0.001333333,0.149,585,7,16,89,11,34050.643,48,1200,0,T1_B2_70,,,4,NA,NA,29,4,NA,NA,1
977,152,,28-Aug,134,8,70,3,10,0.001333333,0.015,0.014333333,977,12,35,90,7,34518.44,152,5360,0,T2_B3_70,16.6,5,2,NA,NA,26.3,4,NA,NA,1
836,145,,3-Aug,37,8,70,3,9,0.001333333,0.000269,0.07,836,17,24,42,4,18695.313,145,1480,0,T2_B3_70,10,5,8,NA,NA,41,10,NA,NA,1
49,105,15,4-Aug,20,8,70,1,1,0.001333333,0,0.001333333,49,NA,NA,NA,NA,NA,105,800,0,T2_B1_70,12.4,8,10,NA,NA,42.5,9,NA,NA,1
104,34,0,23-Aug,1,8,70,1,2,0.001333333,0,0.001333333,104,NA,NA,NA,NA,NA,34,40,0,T1_B1_70,,,5,NA,NA,16,5,NA,NA,1
154,100,16,4-Aug,11,8,70,1,2,0.001333333,0,0.001333333,154,NA,NA,NA,NA,NA,100,440,0,T2_B1_70,17,7,7,NA,NA,49,8,NA,NA,1
331,113,11,8-Aug,,8,70,2,4,0.001333333,0,0.001333333,331,NA,NA,NA,NA,NA,113,1246,0,T3_B1_70,13.6,5,7,NA,NA,40.7,9,NA,NA,1
450,157,43,1-Aug,,8,70,2,5,0.001333333,0,5.320833333,450,NA,NA,NA,NA,NA,157,3668,0,T3_B2_70,,,,NA,NA,41.6,9,NA,NA,1
456,151,69,1-Aug,,8,70,2,5,0.001333333,0,0.008,456,NA,NA,NA,NA,NA,151,4169,0,T3_B2_70,,,,NA,NA,67.7,24,NA,NA,1
479,100,9,9-Aug,,8,70,2,5,0.001333333,0,0.07,479,NA,NA,NA,NA,NA,100,690,0,T3_B2_70,,,,NA,NA,32,8,NA,NA,1
636,170,55,1-Aug,178,8,70,2,7,0.001333333,0,0.072666667,636,NA,NA,NA,NA,NA,170,7120,0,T3_B2_70,,,11,NA,NA,78,26,NA,NA,1
699,61,5,10-Aug,11,8,70,2,7,0.001333333,0,0.0348,699,NA,NA,NA,NA,NA,61,440,0,T3_B2_70,,,7,NA,NA,35.2,6,NA,NA,1
782,154,60,30-Jul,110,8,70,3,8,0.001333333,0,6.212,782,NA,NA,NA,NA,NA,154,4400,0,T1_B3_70,21,8,9,NA,NA,80,16,NA,NA,1
868,142,,3-Aug,141,8,70,3,9,0.001333333,0,0.1485,868,NA,NA,NA,NA,NA,142,5640,0,T1_B3_70,24,7,9,NA,NA,63,11,NA,NA,1
913,93,,19-Aug,18,8,70,3,10,0.001333333,0,0.068333333,913,NA,NA,NA,NA,NA,93,720,0,T2_B3_70,29,6,7,NA,NA,40,8,NA,NA,1
825,140,,7-Aug,51,8,71,3,9,0.025222222,0.025222222,0.004666667,825,8,85,52,12,21164.653,140,2040,0,T2_B3_71,10,6,7,NA,NA,43,10,NA,NA,1
17,154,40,30-Jul,49,8,71,1,1,0.025222222,0,0.025222222,17,NA,NA,NA,NA,NA,154,1960,0,T1_B1_71,22,11,14,NA,NA,72.5,13,NA,NA,1
43,148,51,30-Jul,60,8,71,1,1,0.025222222,0,0.025222222,43,NA,NA,NA,NA,NA,148,2400,0,T2_B1_71,24.4,8,16,NA,NA,71,21,NA,NA,1
168,144,41,1-Aug,47,8,71,1,2,0.025222222,0,0.025222222,168,NA,NA,NA,NA,NA,144,1880,0,T1_B1_71,19.7,6,12,NA,NA,75,19,NA,NA,1
212,125,17,4-Aug,29,8,71,1,3,0.025222222,0,0.025222222,212,NA,NA,NA,NA,NA,125,1160,0,T2_B1_71,14.5,5,9,NA,NA,50.7,11,NA,NA,1
592,132,31,1-Aug,156,8,71,2,6,0.025222222,0,0.101777777,592,NA,NA,NA,NA,NA,132,6240,0,T1_B2_71,,,9,NA,NA,54,12,NA,NA,1
602,,,,,8,71,2,7,0.025222222,0,0.173666667,602,NA,NA,NA,NA,NA,,0,0,T3_B2_71,,,5,NA,NA,19.5,5,NA,NA,1
607,157,25,6-Aug,162,8,71,2,7,0.025222222,0,0.0388,607,NA,NA,NA,NA,NA,157,6480,0,T3_B2_71,,,9,NA,NA,84.3,13,NA,NA,1
704,150,42,1-Aug,167,8,71,2,8,0.025222222,0,0.004333333,704,NA,NA,NA,NA,NA,150,6680,0,T3_B2_71,,,11,NA,NA,55.5,12,NA,NA,1
790,104,18,5-Aug,76,8,71,3,8,0.025222222,0,0.01375,790,NA,NA,NA,NA,NA,104,3040,0,T1_B3_71,23,6,9,NA,NA,67,10,NA,NA,1
819,120,,10-Aug,42,8,71,3,9,0.025222222,0,0,819,NA,NA,NA,NA,NA,120,1680,0,T2_B3_71,23,6,7,NA,NA,40,10,NA,NA,1
958,139,,6-Aug,156,8,71,3,10,0.025222222,0,0.0195,958,NA,NA,NA,NA,NA,139,6240,0,T3_B3_71,26.6,6,10,NA,NA,54,11,NA,NA,1
240,151,7,10-Aug,57,8,72,1,3,0.086444444,0.086444444,0.086444444,240,5,47,91,10,34876.756,151,2280,0,T2_B1_72,16.2,5,10,NA,NA,50.7,10,NA,NA,1
791,163,24,3-Aug,88,8,72,3,8,0.086444444,0.101777777,0.025222222,791,16,28,83,12,27537.593,163,3520,0,T1_B3_72,21,8,11,NA,NA,70.2,9,NA,NA,1
871,141,,2-Aug,1,8,72,3,9,0.086444444,0.087444444,0.173666667,871,21,41,96,9,73288.47,141,40,0,T1_B3_72,9,6,9,NA,NA,53.5,9,NA,NA,1
51,20,0,20-Aug,2,8,72,1,1,0.086444444,0,0.086444444,51,NA,NA,NA,NA,NA,20,80,0,T2_B1_72,7.1,5,3,NA,NA,12.5,4,NA,NA,1
319,60,13,2-Aug,,8,72,2,4,0.086444444,0,0.086444444,319,NA,NA,NA,NA,NA,60,1470,0,T2_B1_72,13.9,6,10,NA,NA,60.3,10,NA,NA,1
571,178,39,1-Aug,159,8,72,2,6,0.086444444,0,0.047166667,571,NA,NA,NA,NA,NA,178,6360,0,T1_B2_72,,,11,NA,NA,62.2,25,NA,NA,1
591,153,13,7-Aug,119,8,72,2,6,0.086444444,0,0.178833333,591,NA,NA,NA,NA,NA,153,4760,0,T1_B2_72,,,8,NA,NA,59,13,NA,NA,1
911,84,,20-Aug,10,8,72,3,10,0.086444444,0,0.004666667,911,NA,NA,NA,NA,NA,84,400,0,T2_B3_72,23.7,7,7,NA,NA,37,8,NA,NA,1
924,138,,27-Aug,95,8,72,3,10,0.086444444,0,0.0285,924,NA,NA,NA,NA,NA,138,3800,0,T3_B3_72,21.5,5,8,NA,NA,48,9,NA,NA,1
966,178,,8-Aug,182,8,72,3,10,0.086444444,0,0.008833333,966,NA,NA,NA,NA,NA,178,7280,0,T2_B3_72,23.2,7,10,NA,NA,70,10,NA,NA,1
318,62,3,10-Aug,,8,73,2,4,0.0195,0.0195,0.0195,318,11,42,47,8,22444.079,62,194,0,T2_B1_73,11.8,5,6,NA,NA,20,10,NA,NA,1
111,67,4,10-Aug,5,8,73,1,2,0.0195,0.1035,0.0195,111,12,21,57,4,36054.396,67,200,0,T1_B1_73,25,6,3,NA,NA,41.2,5,NA,NA,1
627,29,0,,0,8,73,2,7,0.0195,0.0195,0.0348,627,13,27,53,1,25943.704,29,0,0,T3_B2_73,,,4,NA,NA,9,5,NA,NA,1
11,86,16,1-Aug,15,8,73,1,1,0.0195,0,0.0195,11,NA,NA,NA,NA,NA,86,600,0,T1_B1_73,18.8,7,11,NA,NA,49.5,8,NA,NA,1
150,121,35,3-Aug,39,8,73,1,2,0.0195,0,0.1035,150,NA,NA,NA,NA,NA,121,1560,0,T2_B1_73,20.5,6,9,NA,NA,50.8,13,NA,NA,1
270,149,77,30-Jul,188,8,73,1,3,0.0195,0,0.0195,270,NA,NA,NA,NA,NA,149,7520,0,T3_B1_73,29.8,7,7,NA,NA,80.3,32,NA,NA,1
460,101,23,3-Aug,,8,73,2,5,0.0195,0,0.173666667,460,NA,NA,NA,NA,NA,101,1004,0,T3_B2_73,,,,NA,NA,41,10,NA,NA,1
730,133,27,3-Aug,75,8,73,3,8,0.0195,0,0.004666667,730,NA,NA,NA,NA,NA,133,3000,0,T2_B3_73,,,10,NA,NA,42,11,NA,NA,1
877,,,,,8,73,3,9,0.0195,0,0.110333333,877,NA,NA,NA,NA,NA,,0,0,T1_B3_73,13,7,11,NA,NA,59.5,10,NA,NA,1
919,98,,19-Aug,76,8,73,3,10,0.0195,0,0.0035,919,NA,NA,NA,NA,NA,98,3040,0,T2_B3_73,20,6,8,NA,NA,40.6,10,NA,NA,1
957,125,,14-Aug,108,8,73,3,10,0.0195,0,0.018666667,957,NA,NA,NA,NA,NA,125,4320,0,T3_B3_73,20,5,10,NA,NA,41.2,10,NA,NA,1
968,115,,8-Aug,124,8,73,3,10,0.0195,0,0.1845,968,NA,NA,NA,NA,NA,115,4960,0,T2_B3_73,18.6,7,9,NA,NA,53.6,10,NA,NA,1
326,82,6,8-Aug,,8,76,2,4,0.0445,0.0445,0.0445,326,13,51,61,8,31376.558,82,370,0,T3_B1_76,15.5,5,8,NA,NA,40.1,9,NA,NA,1
161,124,27,2-Aug,27,8,76,1,2,0.0445,0.050166667,0.050166667,161,NA,NA,NA,NA,NA,124,1080,0,T2_B1_76,14,7,10,NA,NA,59,12,NA,NA,1
369,85,6,9-Aug,62,8,76,2,4,0.0445,0.063833333,0.063833333,369,NA,NA,NA,NA,NA,85,2480,0,T3_B2_76,13.2,5,7,NA,NA,40,7,NA,NA,1
497,168,19,3-Aug,,8,76,2,5,0.0445,0,0.212333333,497,NA,NA,NA,NA,NA,168,167,0,T3_B2_76,,,,NA,NA,72,17,NA,NA,1
550,48,2,14-Aug,3,8,76,2,6,0.0445,0,0.01375,550,NA,NA,NA,NA,NA,48,120,0,T3_B2_76,,,6,NA,NA,26.4,6,NA,NA,1
556,158,45,1-Aug,179,8,76,2,6,0.0445,0.0475,0.056666667,556,NA,NA,NA,NA,NA,158,7160,0,T3_B2_76,,,17,NA,NA,71.4,27,NA,NA,1
737,140,37,1-Aug,149,8,76,3,8,0.0445,0,0.0035,737,NA,NA,NA,NA,NA,140,,0,T2_B3_76,,,10,NA,NA,70,12,NA,NA,1
841,144,,,153,8,76,3,9,0.0445,0,0.018666667,841,NA,NA,NA,NA,NA,144,6120,0,T2_B3_76,10,7,8,NA,NA,39,10,NA,NA,1
959,131,,8-Aug,143,8,76,3,10,0.0445,0,0.025222222,959,NA,NA,NA,NA,NA,131,5720,0,T3_B3_76,24.5,5,9,NA,NA,50.2,18,NA,NA,1
485,145,33,2-Aug,,8,78,2,5,0.0155,0.0155,0.0035,485,5,20,36,2,20599.428,145,118,0,T3_B2_78,,,,NA,NA,71.4,9,NA,NA,1
52,94,14,8-Aug,10,8,78,1,1,0.0155,0,0.0155,52,NA,NA,NA,NA,NA,94,400,0,T2_B1_78,13.1,7,8,NA,NA,52,7,NA,NA,1
263,118,16,1-Aug,24,8,78,1,3,0.0155,0,0.0155,263,NA,NA,NA,NA,NA,118,960,0,T3_B1_78,17.3,5,8,NA,NA,50.3,11,NA,NA,1
448,43,0,26-Aug,,8,78,2,5,0.0155,0,0,448,NA,NA,NA,NA,NA,43,65,0,T3_B2_78,,,,NA,NA,21.4,6,NA,NA,1
593,168,17,5-Aug,137,8,78,2,6,0.0155,0.176166667,0.025222222,593,NA,NA,NA,NA,NA,168,5480,0,T1_B2_78,,,11,NA,NA,71,18,NA,NA,1
797,,,,,8,78,3,8,0.0155,0.0155,0.008,797,NA,NA,NA,NA,NA,,0,0,T1_B3_78,,,,NA,NA,,,NA,NA,1
923,105,,25-Aug,87,8,78,3,10,0.0155,0.0285,0.052,923,NA,NA,NA,NA,NA,105,3480,0,T2_B3_78,12.4,6,8,NA,NA,45,9,NA,NA,1
828,179,,12-Aug,32,8,80,3,9,0.056666667,0.059666667,0.004,828,5,30,27,5,14129.432,179,1280,0,T2_B3_80,18,7,8,NA,NA,34,7,NA,NA,1
880,55,,19-Aug,7,8,80,3,9,0.056666667,0,0.004666667,880,6,24,46,3,29956.478,55,280,0,T1_B3_80,10,5,7,NA,NA,29,6,NA,NA,1
40,94,10,8-Aug,12,8,80,1,1,0.056666667,0,0.056666667,40,NA,NA,NA,NA,NA,94,480,0,T2_B1_80,8.4,6,9,NA,NA,42,8,NA,NA,1
155,125,29,4-Aug,30,8,80,1,2,0.056666667,0,0.069666667,155,NA,NA,NA,NA,NA,125,1200,0,T2_B1_80,14,7,10,NA,NA,46,9,NA,NA,1
215,135,26,1-Aug,65,8,80,1,3,0.056666667,0,0.056666667,215,NA,NA,NA,NA,NA,135,2600,0,T2_B1_80,17.5,6,10,NA,NA,60.1,11,NA,NA,1
260,197,16,5-Aug,18,8,80,1,3,0.056666667,0,0.056666667,260,NA,NA,NA,NA,NA,197,720,0,,,8,0,NA,NA,40.5,9,NA,NA,1
366,135,27,1-Aug,143,8,80,2,4,0.056666667,0,0.056666667,366,NA,NA,NA,NA,NA,135,5720,0,T3_B2_80,13,5,9,NA,NA,60.3,12,NA,NA,1
368,117,18,4-Aug,108,8,80,2,4,0.056666667,0,0.056666667,368,NA,NA,NA,NA,NA,117,4320,0,T3_B2_80,12.5,7,11,NA,NA,60,11,NA,NA,1
469,169,43,2-Aug,,8,80,2,5,0.056666667,0,0,469,NA,NA,NA,NA,NA,169,5784,0,T3_B2_80,,,,NA,NA,71.5,13,NA,NA,1
546,133,22,5-Aug,103,8,80,2,6,0.056666667,0,0.056666667,546,NA,NA,NA,NA,NA,133,4120,0,T3_B2_80,,,10,NA,NA,64.6,10,NA,NA,1
554,121,25,3-Aug,97,8,80,2,6,0.056666667,0,0.041,554,NA,NA,NA,NA,NA,121,3880,0,T3_B2_80,,,9,NA,NA,51.1,11,NA,NA,1
578,129,31,1-Aug,143,8,80,2,6,0.056666667,0,6.212,578,NA,NA,NA,NA,NA,129,5720,0,T1_B2_80,,,9,NA,NA,52.5,9,NA,NA,1
613,157,48,1-Aug,178,8,80,2,7,0.056666667,0,5.322833333,613,NA,NA,NA,NA,NA,157,7120,0,T3_B2_80,,,11,NA,NA,75.9,17,NA,NA,1
620,156,22,4-Aug,137,8,80,2,7,0.056666667,0.069666667,0.089666666,620,NA,NA,NA,NA,NA,156,5480,0,T3_B2_80,,,9,NA,NA,58.2,13,NA,NA,1
714,139,23,2-Aug,156,8,80,2,8,0.056666667,0.056666667,0.16275,714,NA,NA,NA,NA,NA,139,6240,0,T3_B2_80,,,9,NA,NA,64.2,9,NA,NA,1
732,132,24,4-Aug,73,8,80,3,8,0.056666667,0.063833334,0.0195,732,NA,NA,NA,NA,NA,132,2920,0,T2_B3_80,,,10,NA,NA,55,11,NA,NA,1
936,168,,8-Aug,173,8,80,3,10,0.056666667,0.056666667,13.42366667,936,NA,NA,NA,NA,NA,168,6920,0,T3_B3_80,18,6,8,NA,NA,39.8,9,NA,NA,1
962,160,,8-Aug,182,8,80,3,10,0.056666667,0.072166667,0.018333333,962,NA,NA,NA,NA,NA,160,7280,0,T2_B3_80,41.5,7,11,NA,NA,72,17,NA,NA,1
700,105,15,7-Aug,17,8,81,2,8,0.03325,0.04925,0.001333333,700,3,53,55,10,30325.293,105,680,0,T3_B2_81,,,8,NA,NA,59,9,NA,NA,1
462,76,,24-Aug,,8,81,2,5,,0,0.0195,462,NA,NA,NA,NA,NA,76,208,0,,,,,NA,NA,,,NA,NA,1
621,151,23,4-Aug,138,8,81,2,7,0.03325,0.03325,0.070333334,621,NA,NA,NA,NA,NA,151,5520,0,T3_B2_81,,,9,NA,NA,66.2,11,NA,NA,1
724,123,17,4-Aug,58,8,81,3,8,0.03325,0,0.022333333,724,NA,NA,NA,NA,NA,123,2320,0,T2_B3_81,,,9,NA,NA,51.6,11,NA,NA,1
813,80,,18-Aug,18,8,81,3,9,0.03325,0,0.004333333,813,NA,NA,NA,NA,NA,80,720,0,T2_B3_81,23,5,7,NA,NA,41.5,6,NA,NA,1
853,132,,4-Aug,96,8,81,3,9,0.03325,0,0.014333333,853,NA,NA,NA,NA,NA,132,3840,0,T2_B3_81,,,8,NA,NA,,,NA,NA,1
938,140,,20-Aug,102,8,81,3,10,0.03325,0.03425,0.009666667,938,NA,NA,NA,NA,NA,140,4080,0,T3_B3_81,21,7,11,NA,NA,52.3,11,NA,NA,1
972,130,,20-Aug,117,8,81,3,10,0.03325,0.03325,0.004666667,972,NA,NA,NA,NA,NA,130,4680,0,T2_B3_81,27.2,6,10,NA,NA,53,10,NA,NA,1
829,,,,193,8,82,3,9,0.110333333,0.110333333,0.056666667,829,3,75,82,8,29438.012,,7720,0,T2_B3_82,,,11,NA,NA,61,11,NA,NA,1
489,140,12,8-Aug,,8,82,2,5,0.110333333,0.134666666,0.068333333,489,11,47,40,8,26179.091,140,82,0,T3_B2_82,,,,NA,NA,62.5,11,NA,NA,1
795,105,6,10-Aug,91,8,82,3,8,0.110333333,0.118666666,0,795,11,46,57,6,25915.292,105,3640,0,T1_B3_82,16,7,9,NA,NA,47.3,9,NA,NA,1
684,112,5,10-Aug,24,8,82,2,7,0.110333333,0.125795,0,684,16,61,52,16,30775.052,112,960,0,T3_B2_82,,,8,NA,NA,53,10,NA,NA,1
35,105,20,1-Aug,21,8,82,1,1,0.110333333,0,0.110333333,35,NA,NA,NA,NA,NA,105,840,0,T1_B1_82,19.3,7,8,NA,NA,52.2,9,NA,NA,1
47,111,13,8-Aug,25,8,82,1,1,0.110333333,0,0.134666666,47,NA,NA,NA,NA,NA,111,1000,0,T2_B1_82,11.8,5,7,NA,NA,42.3,9,NA,NA,1
105,151,33,1-Aug,51,8,82,1,2,0.110333333,0,0.118666666,105,NA,NA,NA,NA,NA,151,2040,0,T1_B1_82,18.7,6,15,NA,NA,64.4,18,NA,NA,1
146,129,24,3-Aug,35,8,82,1,2,0.110333333,0,0.110333333,146,NA,NA,NA,NA,NA,129,1400,0,T2_B1_82,9.5,5,11,NA,NA,45,12,NA,NA,1
361,170,59,1-Aug,134,8,82,2,4,0.110333333,0,0.110333333,361,NA,NA,NA,NA,NA,170,5360,0,T3_B2_82,23.9,7,13,NA,NA,70.8,23,NA,NA,1
466,179,16,8-Aug,,8,82,2,5,0.110333333,0,0.004,466,NA,NA,NA,NA,NA,179,3365,0,T3_B2_82,,,,NA,NA,60,12,NA,NA,1
562,121,5,5-Aug,101,8,82,2,6,0.110333333,0,0.307833333,562,NA,NA,NA,NA,NA,121,4040,0,T1_B2_82,,,9,NA,NA,40.4,9,NA,NA,1
563,68,1,15-Aug,22,8,82,2,6,0.110333333,0,0.110333333,563,NA,NA,NA,NA,NA,68,880,0,T1_B2_82,,,7,NA,NA,29.3,7,NA,NA,1
609,149,3,13-Aug,119,8,82,2,7,0.110333333,0,0.025222222,609,NA,NA,NA,NA,NA,149,4760,0,T3_B2_82,,,7,NA,NA,51.2,11,NA,NA,1
876,167,,,156,8,82,3,9,0.110333333,0,0.07,876,NA,NA,NA,NA,NA,167,6240,0,T1_B3_82,17,9,10,NA,NA,60,12,NA,NA,1
902,,,,11,8,82,3,10,0.110333333,0,0.073666667,902,NA,NA,NA,NA,NA,,440,0,T2_B3_82,27.9,5,7,NA,NA,42,8,NA,NA,1
963,79,,28-Aug,68,8,82,3,10,0.110333333,0,0.072166667,963,NA,NA,NA,NA,NA,79,2720,0,T2_B3_82,20.7,6,7,NA,NA,36,6,NA,NA,1
175,64,3,11-Aug,5,9,87,1,2,0.008,0.026,0.026,175,NA,NA,NA,NA,NA,64,200,0,T1_B1_87,5.9,5,6,NA,NA,31,8,NA,NA,1
455,131,10,8-Aug,,9,87,2,5,0.008,0.008,0.01375,455,NA,NA,NA,NA,NA,131,1181,0,T3_B2_87,,,,NA,NA,53,10,NA,NA,1
796,76,10,8-Aug,15,9,87,3,8,0.008,0.008,0.110333333,796,NA,NA,NA,NA,NA,76,600,0,T1_B3_87,14,7,9,NA,NA,42,9,NA,NA,1
860,149,,6-Aug,124,9,87,3,9,0.008,0.024333333,0,860,NA,NA,NA,NA,NA,149,4960,0,T2_B3_87,11,8,10,NA,NA,50,191,NA,NA,1
132,83,8,8-Aug,9,9,91,1,2,0.036,0.036,0.036,132,5,25,122,14,31312.046,83,360,0,T1_B1_91,13,6,7,NA,NA,31,8,NA,NA,1
691,85,4,11-Aug,9,9,91,2,7,0.036,0.041,0.106333334,691,17,25,104,4,47315.097,85,360,0,T3_B2_91,,,7,NA,NA,40.8,8,NA,NA,1
8,106,11,4-Aug,12,9,91,1,1,0.036,0.100333333,0.100333333,8,NA,NA,NA,NA,NA,106,480,0,T1_B1_91,16,7,8,NA,NA,51.5,7,NA,NA,1
77,40,0,19-Aug,2,9,91,1,1,0.036,0,0.036,77,NA,NA,NA,NA,NA,40,80,0,T2_B1_91,,,5,NA,NA,20,7,NA,NA,1
141,119,17,5-Aug,16,9,91,1,2,0.036,0,0.036,141,NA,NA,NA,NA,NA,119,640,0,T1_B1_91,14.5,8,10,NA,NA,52.5,12,NA,NA,1
275,119,20,1-Aug,28,9,91,1,3,0.036,0,0.036,275,NA,NA,NA,NA,NA,119,1120,0,T3_B1_91,21.2,6,12,NA,NA,40.6,18,NA,NA,1
443,134,22,5-Aug,,9,91,2,5,0.036,0,0.056666667,443,NA,NA,NA,NA,NA,134,2203,0,T3_B2_91,,,,NA,NA,48,10,NA,NA,1
464,167,27,4-Aug,,9,91,2,5,0.036,0,0.07,464,NA,NA,NA,NA,NA,167,5266,0,T3_B2_91,,,,NA,NA,62.5,19,NA,NA,1
553,132,18,5-Aug,90,9,91,2,6,0.036,0,0.0445,553,NA,NA,NA,NA,NA,132,3600,0,T3_B2_91,,,10,NA,NA,64,14,NA,NA,1
586,20,9,8-Aug,12,9,91,2,6,0.036,0.411333333,0.001333333,586,NA,NA,NA,NA,NA,20,480,0,T1_B2_91,,,8,NA,NA,38,11,NA,NA,1
733,,16,5-Aug,67,9,91,3,8,0.036,0.036,0.063833334,733,NA,NA,NA,NA,NA,,2680,0,T2_B3_91,,,9,NA,NA,55.3,11,NA,NA,1
901,39,,29-Aug,2,9,91,3,10,0.036,0.073666667,0.056666667,901,NA,NA,NA,NA,NA,39,80,0,T2_B3_91,16.6,5,6,NA,NA,28,6,NA,NA,1
947,112,,19-Aug,109,9,91,3,10,0.036,0,0.034625,947,NA,NA,NA,NA,NA,112,4360,0,T3_B3_91,17.5,6,7,NA,NA,30.8,8,NA,NA,1
792,72,2,13-Aug,7,9,96,3,8,0.049555556,0.049555556,0.086444444,792,7,92,75,17,33632.703,72,280,0,T1_B3_96,7,6,7,NA,NA,27,8,NA,NA,1
23,85,0,,8,9,96,1,1,0.049555556,0.060055556,0.060055556,23,NA,NA,NA,NA,NA,85,320,0,T1_B1_96,6.5,6,5,NA,NA,25.5,8,NA,NA,1
446,133,8,8-Aug,,9,96,2,5,,0,0.004333333,446,NA,NA,NA,NA,NA,133,1439,0,,,,,NA,NA,,,NA,NA,1
557,95,3,12-Aug,80,9,96,2,6,0.049555556,0.050055556,0.0475,557,NA,NA,NA,NA,NA,95,3200,0,T3_B2_96,,,8,NA,NA,41.2,8,NA,NA,1
589,58,0,,0,9,96,2,6,0.049555556,,0.411333333,589,NA,NA,NA,NA,NA,58,0,0,T1_B2_96,,,7,NA,NA,17,7,NA,NA,1
705,100,4,12-Aug,80,9,96,2,8,0.049555556,0.082888889,0.025222222,705,NA,NA,NA,NA,NA,100,3200,0,T3_B2_96,,,7,NA,NA,33,7,NA,NA,1
738,84,3,12-Aug,5,9,96,3,8,0.049555556,,0.0455,738,NA,NA,NA,NA,NA,84,200,0,T2_B3_96,,,8,NA,NA,33,7,NA,NA,1
970,,,,,9,96,3,10,0.049555556,,0.004,970,NA,NA,NA,NA,NA,,0,0,T2_B3_96,,,3,NA,NA,5,5,NA,NA,1
9,25,0,30-Aug,1,10,100,1,1,0.01375,0.039083333,0.039083333,9,NA,NA,NA,NA,NA,25,40,0,T1_B1_100,7.2,6,,NA,NA,13,5,NA,NA,1
66,54,2,12-Aug,3,10,100,1,1,0.01375,0.323,0.323,66,NA,NA,NA,NA,NA,54,120,0,T2_B1_100,9,5,7,NA,NA,27.5,,NA,NA,1
273,102,4,8-Aug,17,10,100,1,3,0.01375,,0.01375,273,NA,NA,NA,NA,NA,102,680,0,T3_B1_100,18.6,5,7,NA,NA,40,10,NA,NA,1
340,105,13,4-Aug,,10,100,2,4,0.01375,,0.01375,340,NA,NA,NA,NA,NA,105,1010,0,T3_B1_100,15,8,9,NA,NA,50.3,10,NA,NA,1
357,111,4,11-Aug,53,10,100,2,4,0.01375,,0.01825,357,NA,NA,NA,NA,NA,111,2120,0,T3_B1_100,19.6,5,8,NA,NA,40.2,10,NA,NA,1
453,141,22,5-Aug,,10,100,2,5,0.01375,,0.004333333,453,NA,NA,NA,NA,NA,141,1522,0,T3_B2_100,,,,NA,NA,51,12,NA,NA,1
549,108,8,8-Aug,80,10,100,2,6,0.01375,,0.090166667,549,NA,NA,NA,NA,NA,108,3200,0,T3_B2_100,,,9,NA,NA,48.9,9,NA,NA,1
715,110,0,,81,10,100,2,8,0.01375,,0.056666667,715,NA,NA,NA,NA,NA,110,3240,0,T3_B2_100,,,6,NA,NA,28,8,NA,NA,1
725,104,2,14-Aug,18,10,100,3,8,0.01375,,0.03325,725,NA,NA,NA,NA,NA,104,720,0,T2_B3_100,,,8,NA,NA,36.5,8,NA,NA,1
789,37,0,29-Aug,3,10,100,3,8,0.01375,0.01375,0.004,789,NA,NA,NA,NA,NA,37,120,0,T1_B3_100,7,6,6,NA,NA,25,6,NA,NA,1
108,67,2,15-Aug,5,10,106,1,2,0.004,0.004,0.004,108,4,14,71,2,34534.812,67,200,0,T1_B1_106,7.5,5,7,NA,NA,15.5,8,NA,NA,1
787,105,8,8-Aug,114,10,106,3,8,0.004,0.004333333,0.212333333,787,12,36,99,13,39457.076,105,4560,0,T1_B3_106,19,5,9,NA,NA,52,10,NA,NA,1
32,109,13,6-Aug,28,10,106,1,1,0.004,0.020666667,0.020666667,32,NA,NA,NA,NA,NA,109,1120,0,T1_B1_106,15.2,6,8,NA,NA,48,9,NA,NA,1
68,82,3,12-Aug,29,10,106,1,1,0.004,,0.004333333,68,NA,NA,NA,NA,NA,82,1160,0,T2_B1_106,9.7,6,7,NA,NA,35.5,8,NA,NA,1
204,74,0,18-Aug,4,10,106,1,3,0.004,,0.004,204,NA,NA,NA,NA,NA,74,160,0,T2_B1_106,8.2,4,6,NA,NA,20.4,7,NA,NA,1
242,54,2,12-Aug,2,10,106,1,3,0.004,,0.004,242,NA,NA,NA,NA,NA,54,80,0,T3_B1_106,16.3,5,6,NA,NA,30.4,6,NA,NA,1
310,121,9,8-Aug,,10,106,2,4,0.004,,0.004,310,NA,NA,NA,NA,NA,121,1266,0,T2_B1_106,21.4,5,9,NA,NA,50.2,11,NA,NA,1
316,134,6,9-Aug,,10,106,2,4,0.004,,0.004,316,NA,NA,NA,NA,NA,134,1669,0,T2_B1_106,12,7,9,NA,NA,40.6,8,NA,NA,1
372,118,11,8-Aug,80,10,106,2,4,0.004,,0.004,372,NA,NA,NA,NA,NA,118,3200,0,T3_B2_106,12.5,7,9,NA,NA,50.2,10,NA,NA,1
475,101,,23-Aug,,10,106,2,5,0.004,,0,475,NA,NA,NA,NA,NA,101,320,0,T3_B2_106,,,,NA,NA,35,8,NA,NA,1
584,85,6,10-Aug,87,10,106,2,6,0.004,0.149,0.025333333,584,NA,NA,NA,NA,NA,85,3480,0,T1_B2_106,,,8,NA,NA,30,8,NA,NA,1
817,150,,1-Aug,73,10,106,3,9,0.004,,5.320833333,817,NA,NA,NA,NA,NA,150,2920,0,T2_B3_106,24,7,10,NA,NA,44,14,NA,NA,1
827,128,,10-Aug,112,10,106,3,9,0.004,,0.025222222,827,NA,NA,NA,NA,NA,128,4480,0,T2_B3_106,12,6,,NA,NA,,,NA,NA,1
953,50,,29-Aug,46,10,106,3,10,0.004,,0.102666666,953,NA,NA,NA,NA,NA,50,1840,0,T3_B3_106,13.5,5,6,NA,NA,22.3,5,NA,NA,1
838,177,,29-Jul,82,10,109,3,9,6.212,6.212,0.001333333,838,3,78,24,8,18017.616,177,3280,0,T2_B3_109,13,4,10,NA,NA,45,12,NA,NA,1
218,183,8,8-Aug,151,10,109,1,3,6.212,6.235666667,6.212,218,6,127,125,19,62091.519,183,6040,0,T2_B1_109,29.2,7,15,NA,NA,70.3,29,NA,NA,1
308,76,0,,,10,109,2,4,6.212,6.313,6.212,308,13,57,52,11,30425.806,76,206,0,T2_B1_109,14.2,5,,NA,NA,20.3,6,NA,NA,1
632,60,3,12-Aug,56,10,109,2,7,6.212,6.475,0.07,632,14,72,62,33,29254.607,60,2240,0,T3_B2_109,,,8,NA,NA,45,12,NA,NA,1
781,171,15,5-Aug,162,10,109,3,8,6.212,6.721,0.036,781,16,53,28,9,20911.048,171,6480,0,T1_B3_109,19,8,13,NA,NA,77.2,17,NA,NA,1
301,140,5,10-Aug,46,10,109,2,4,6.212,6.435666667,6.212,301,18,64,93,11,30004.628,140,1840,0,T2_B1_109,19.6,6,9,NA,NA,50.5,11,NA,NA,1
34,121,7,6-Aug,25,10,109,1,1,6.212,,6.235666667,34,NA,NA,NA,NA,NA,121,1000,0,T1_B1_109,19.3,13,9,NA,NA,49.3,10,NA,NA,1
159,118,7,8-Aug,18,10,109,1,2,6.212,,6.212,159,NA,NA,NA,NA,NA,118,720,0,T2_B1_109,15,8,9,NA,NA,47.6,8,NA,NA,1
277,161,11,4-Aug,68,10,109,1,3,6.212,,6.212,277,NA,NA,NA,NA,NA,161,2720,0,T3_B1_109,26.7,8,14,NA,NA,60.8,20,NA,NA,1
375,167,8,7-Aug,92,10,109,2,4,6.212,13.42366667,6.212,375,NA,NA,NA,NA,NA,167,3680,0,T3_B2_109,20,8,10,NA,NA,70.5,19,NA,NA,1
473,175,10,11-Aug,,10,109,2,5,6.212,,0.056666667,473,NA,NA,NA,NA,NA,175,2845,0,T3_B2_109,,,,NA,NA,70.4,17,NA,NA,1
569,104,3,12-Aug,82,10,109,2,6,6.212,,0.071833333,569,NA,NA,NA,NA,NA,104,3280,0,T1_B2_109,,,9,NA,NA,42.2,9,NA,NA,1
577,157,9,8-Aug,50,10,109,2,6,6.212,,0,577,NA,NA,NA,NA,NA,157,2000,0,T1_B2_109,,,9,NA,NA,48,13,NA,NA,1
803,75,0,25-Aug,9,10,109,3,9,6.212,,0.022333333,803,NA,NA,NA,NA,NA,75,360,0,T2_B3_109,16,5,7,NA,NA,32.2,8,NA,NA,1
935,136,,6-Aug,145,10,109,3,10,6.212,,0,935,NA,NA,NA,NA,NA,136,5800,0,T3_B3_109,23,7,8,NA,NA,54,15,NA,NA,1
490,109,19,4-Aug,,11,113,2,5,5.320833333,5.320833333,0.110333333,490,4,110,39,9,22551.238,109,83,0,T3_B2_113,,,,NA,NA,69,7,NA,NA,1
492,131,12,8-Aug,,11,113,2,5,5.320833333,5.580953333,0,492,8,43,56,8,26162.536,131,77,0,T3_B2_113,,,,NA,NA,57,11,NA,NA,1
324,76,12,8-Aug,,11,113,2,4,5.320833333,5.653284333,5.320833333,324,9,63,60,9,31826.391,76,375,0,T3_B1_113,20.4,5,8,NA,NA,50,8,NA,NA,1
106,132,46,1-Aug,49,11,113,1,2,5.320833333,5.973433333,5.320833333,106,10,50,65,9,36834.332,132,1960,0,T1_B1_113,19,9,12,NA,NA,56.2,16,NA,NA,1
213,76,0,23-Aug,5,11,113,1,3,5.320833333,5.456793333,5.320833333,213,13,54,44,5,31826.391,76,200,0,T2_B1_113,7.6,4,7,NA,NA,20.2,8,NA,NA,1
152,105,10,8-Aug,8,11,113,1,2,5.320833333,,5.320833333,152,NA,NA,NA,NA,NA,105,320,0,T2_B1_113,19.4,6,8,NA,NA,45.5,7,NA,NA,1
449,139,31,5-Aug,,11,113,2,5,5.320833333,,0.0155,449,NA,NA,NA,NA,NA,139,1630,0,T3_B2_113,,,,NA,NA,61,11,NA,NA,1
612,160,58,30-Jul,196,11,113,2,7,5.320833333,,0.010833333,612,NA,NA,NA,NA,NA,160,7840,0,T3_B2_113,,,12,NA,NA,83,24,NA,NA,1
706,78,8,10-Aug,83,11,113,2,8,5.320833333,,0.082888889,706,NA,NA,NA,NA,NA,78,3320,0,T3_B2_113,,,6,NA,NA,31.5,9,NA,NA,1
816,90,,19-Aug,21,11,113,3,9,5.320833333,,0.03325,816,NA,NA,NA,NA,NA,90,840,0,T2_B3_113,12,4,7,NA,NA,33,8,NA,NA,1
862,153,,28-Jul,184,11,113,3,9,5.320833333,,0.024333333,862,NA,NA,NA,NA,NA,153,7360,0,T1_B3_113,24,8,12,NA,NA,71,26,NA,NA,1
863,,,,,11,113,,9,,0,5.320833333,863,NA,NA,NA,NA,NA,,0,0,,,,,NA,NA,,,NA,NA,1
794,73,17,5-Aug,22,11,117,3,8,,0,0.068333333,794,5,23,50,9,16864.005,73,880,0,T1_B3_117,14,7,9,NA,NA,40.5,8,NA,NA,1
16,114,29,30-Jul,25,11,117,1,1,,0.052,0.052,16,NA,NA,NA,NA,NA,114,1000,0,T1_B1_117,21.2,9,14,NA,NA,63.6,13,NA,NA,1
48,83,11,8-Aug,12,11,117,1,1,,0.009666667,0.009666667,48,NA,NA,NA,NA,NA,83,480,0,T2_B1_117,12.1,6,9,NA,NA,36.2,10,NA,NA,1
117,81,8,9-Aug,11,11,117,1,2,,0,0,117,NA,NA,NA,NA,NA,81,440,0,T1_B1_117,11.5,7,8,NA,NA,33.3,8,NA,NA,1
255,46,4,10-Aug,3,11,117,1,3,,0,0,255,NA,NA,NA,NA,NA,46,120,0,T3_B1_117,19.1,6,6,NA,NA,30.2,7,NA,NA,1
468,146,37,3-Aug,,11,117,2,5,,0,0.110333333,468,NA,NA,NA,NA,NA,146,1688,0,T3_B2_117,,,,NA,NA,71.3,19,NA,NA,1
474,123,22,8-Aug,,11,117,2,5,,0,6.212,474,NA,NA,NA,NA,NA,123,1840,0,T3_B2_117,,,,NA,NA,45.5,14,NA,NA,1
576,108,20,9-Aug,98,11,117,2,6,,0,0.082333333,576,NA,NA,NA,NA,NA,108,3920,0,T1_B2_117,,,9,NA,NA,39,14,NA,NA,1
716,142,51,1-Aug,165,11,117,2,8,,0,0.01375,716,NA,NA,NA,NA,NA,142,6600,0,T3_B2_117,,,9,NA,NA,78.8,20,NA,NA,1
872,148,,10-Aug,102,11,117,3,9,,0,0.086444444,872,NA,NA,NA,NA,NA,148,4080,0,T1_B3_117,13,10,11,NA,NA,52,13,NA,NA,1
926,82,,24-Aug,73,11,117,3,10,,0,0.056666667,926,NA,NA,NA,NA,NA,82,2920,0,T3_B3_11,19.5,6,8,NA,NA,27.9,8,NA,NA,1
693,90,14,6-Aug,14,11,121,2,7,0.07,0.07,0.036,693,3,80,68,12,30766.691,90,560,0,T3_B2_121,,,9,NA,NA,57.9,13,NA,NA,1
235,133,53,30-Jul,154,11,121,1,3,,0.057333333,0.057333333,235,6,49,73,24,34638.395,133,6160,0,T2_B1_121,23.5,14,22,NA,NA,70.3,42,NA,NA,1
165,130,53,31-Jul,74,11,121,1,2,,0.009333333,0.009333333,165,NA,NA,NA,NA,NA,130,2960,0,T2_B1_121,15.8,7,14,NA,NA,62,25,NA,NA,1
379,131,37,2-Aug,165,11,121,2,4,0.07,0.094,0.094,379,NA,NA,NA,NA,NA,131,6600,0,T3_B2_121,15,,10,NA,NA,60.7,18,NA,NA,1
463,130,27,4-Aug,,11,121,2,5,0.07,0.07,0,463,NA,NA,NA,NA,NA,130,4840,0,T3_B2_121,,,,NA,NA,54,13,NA,NA,1
477,95,13,8-Aug,,11,121,2,5,0.07,0.07,0.071833333,477,NA,NA,NA,NA,NA,95,839,0,T3_B2_121,,,,NA,NA,36.6,10,NA,NA,1
629,93,6,8-Aug,78,11,121,2,7,0.07,0.07,0.0195,629,NA,NA,NA,NA,NA,93,3120,0,T3_B2_121,,,8,NA,NA,35,10,NA,NA,1
835,130,,6-Aug,37,11,121,3,9,0.07,0.07,0.004333333,835,NA,NA,NA,NA,NA,130,1480,0,T2_B3_121,13,6,7,NA,NA,44.6,9,NA,NA,1
875,140,,5-Aug,131,11,121,3,9,0.07,0.07,0.0035,875,NA,NA,NA,NA,NA,140,5240,0,T1_B3_121,13,10,12,NA,NA,54,16,NA,NA,1
917,130,,8-Aug,126,11,121,3,10,0.07,0.07,0.195666667,917,NA,NA,NA,NA,NA,130,5040,0,T2_B3_121,25.2,7,11,NA,NA,60,19,NA,NA,1
940,151,,12-Aug,122,11,121,3,10,0.07,0.07,0.03425,940,NA,NA,NA,NA,NA,151,4880,0,T3_B3_121,,,7,NA,NA,25,9,NA,NA,1
614,125,21,4-Aug,121,11,125,2,7,0.068333333,0.068333333,0.059666667,614,2,36,42,4,14998.471,125,4840,0,T3_B2_125,,,9,NA,NA,55.4,9,NA,NA,1
979,52,,27-Aug,47,11,125,3,10,0.068333333,0.068333333,0.001333333,979,5,66,72,6,27851.072,52,1880,0,T2_B3_125,9.2,6,7,NA,NA,16.8,,NA,NA,1
793,62,7,9-Aug,9,11,125,3,8,0.068333333,0.068333333,0.049555556,793,8,51,43,11,15374.84,62,360,0,T1_B3_125,7,7,8,NA,NA,,,NA,NA,1
180,109,37,4-Aug,24,11,125,1,2,0.068333333,0.068333333,0.068333333,180,NA,NA,NA,NA,NA,109,960,0,T2_B1_125,12,6,11,NA,NA,58.2,17,NA,NA,1
248,70,4,12-Aug,5,11,125,1,3,0.068333333,0.075333333,0.075333333,248,NA,NA,NA,NA,NA,70,200,0,T3_B1_125,16.7,3,14,NA,NA,30,11,NA,NA,1
482,149,18,5-Aug,,11,125,2,5,0.068333333,0.080583333,0.004,482,NA,NA,NA,NA,NA,149,92,0,T3_B2_125,,,,NA,NA,77,20,NA,NA,1
488,,,,,11,125,2,5,0.068333333,0.068333333,0.0155,488,NA,NA,NA,NA,NA,,,0,T3_B2_125,,,,NA,NA,59,10,NA,NA,1
720,39,0,27-Aug,3,11,125,2,8,0.068333333,0.068333333,0.004,720,NA,NA,NA,NA,NA,39,120,0,T3_B2_125,,,4,NA,NA,12,6,NA,NA,1
864,130,,8-Aug,101,11,125,3,9,0.068333333,0.068333333,0,864,NA,NA,NA,NA,NA,130,4040,0,T1_B3_125,17,8,10,NA,NA,67,9,NA,NA,1
912,94,,22-Aug,4,11,125,3,10,0.068333333,0.068333333,0.086444444,912,NA,NA,NA,NA,NA,94,160,0,T2_B3_125,16,6,6,NA,NA,24,8,NA,NA,1
619,158,4,13-Aug,103,11,128,2,7,0.082333333,0.089666666,0.096761904,619,6,119,48,12,21529.996,158,4120,0,T3_B2_128,,,9,NA,NA,55.7,10,NA,NA,1
865,162,,6-Aug,148,11,128,3,9,0.082333333,0.082333333,0.068333333,865,6,52,103,16,39017.582,162,5920,0,T1_B3_128,16,7,11,NA,NA,68,12,NA,NA,1
177,130,15,5-Aug,34,11,128,1,2,0.082333333,0.082333333,0.082333333,177,NA,NA,NA,NA,NA,130,1360,0,T2_B1_128,19.2,6,10,NA,NA,57.5,10,NA,NA,1
214,20,5,9-Aug,7,11,128,1,3,0.082333333,0.082333333,0.082333333,214,NA,NA,NA,NA,NA,20,280,0,T2_B1_128,12.6,6,9,NA,NA,40.6,10,NA,NA,1
325,112,3,12-Aug,,11,128,2,4,0.082333333,0.082333333,0.082333333,325,NA,NA,NA,NA,NA,112,773,0,T3_B1_128,14.6,6,9,NA,NA,50.3,9,NA,NA,1
342,138,8,8-Aug,86,11,128,2,4,0.082333333,0.082333333,0.082333333,342,NA,NA,NA,NA,NA,138,3440,0,T3_B1_128,15.3,7,11,NA,NA,60.2,12,NA,NA,1
574,159,17,8-Aug,133,11,128,2,6,0.082333333,0.082333333,0.038333333,574,NA,NA,NA,NA,NA,159,5320,0,T1_B2_128,,,13,NA,NA,53.2,35,NA,NA,1
717,181,15,9-Aug,170,11,128,2,8,0.082333333,0.213666666,0,717,NA,NA,NA,NA,NA,181,6800,0,T3_B2_128,,,8,NA,NA,50,11,NA,NA,1
847,159,,4-Aug,118,11,128,3,9,0.082333333,0.082333333,0.212333333,847,NA,NA,NA,NA,NA,159,1120,0,T2_B3_128,21,6,9,NA,NA,56,10,NA,NA,1
952,158,,8-Aug,165,11,128,3,10,0.082333333,0.102666666,0.173666667,952,NA,NA,NA,NA,NA,158,6600,0,T3_B3_128,20.2,6,11,NA,NA,49,12,NA,NA,1
134,104,13,5-Aug,17,11,129,1,2,0.173666667,0.173666667,0.173666667,134,8,19,114,3,52918.865,104,680,0,T1_B1_129,10.5,7,12,NA,NA,48.6,13,NA,NA,1
60,107,15,2-Aug,28,11,129,1,1,0.173666667,0.173666667,0.173666667,60,NA,NA,NA,NA,NA,107,1120,0,T2_B1_129,13.2,8,12,NA,NA,59,13,NA,NA,1
458,77,12,9-Aug,,11,129,2,5,0.173666667,0.173666667,0.001333333,458,NA,NA,NA,NA,NA,77,401,0,T3_B2_129,,,,NA,NA,36,8,NA,NA,1
599,70,11,8-Aug,67,11,129,2,6,0.173666667,0.173666667,0.043,599,NA,NA,NA,NA,NA,70,2680,0,T1_B2_129,,,7,NA,NA,41.5,10,NA,NA,1
712,105,13,7-Aug,96,11,129,2,8,0.173666667,0.2555,0.038625,712,NA,NA,NA,NA,NA,105,3840,0,T3_B2_129,,,9,NA,NA,50.2,12,NA,NA,1
739,129,46,2-Aug,85,11,129,3,8,0.173666667,0.173666667,0.049555556,739,NA,NA,NA,NA,NA,129,3400,0,T1_B2_129,,,11,NA,NA,68,17,NA,NA,1
869,,,,,11,129,3,9,0.173666667,0.173666667,0.001333333,869,NA,NA,NA,NA,NA,,0,0,T1_B3_129,11,8,10,NA,NA,38,8,NA,NA,1
916,129,,10-Aug,116,11,129,3,10,0.173666667,0.195666667,0.004666667,916,NA,NA,NA,NA,NA,129,4640,0,T2_B3_129,21.6,8,12,NA,NA,62,18,NA,NA,1
948,88,,21-Aug,79,11,129,3,10,0.173666667,0.173666667,0.036,948,NA,NA,NA,NA,NA,88,3160,0,T3_B3_129,10,5,7,NA,NA,24,8,NA,NA,1
19,121,0,,30,11,130,1,1,0.014333333,0.014333333,0.014333333,19,NA,NA,NA,NA,NA,121,1200,0,T1_B1_130,11,11,15,NA,NA,60,20,NA,NA,1
53,45,3,12-Aug,2,11,130,1,1,0.014333333,0.014333333,0.014333333,53,NA,NA,NA,NA,NA,45,80,0,T2_B1_130,8.4,6,6,NA,NA,22,7,NA,NA,1
302,107,18,6-Aug,34,11,130,2,4,0.014333333,0.014333333,0.014333333,302,NA,NA,NA,NA,NA,107,1360,0,T2_B1_130,10,7,9,NA,NA,40.2,14,NA,NA,1
491,53,8,8-Aug,,11,130,2,5,,0,5.320833333,491,NA,NA,NA,NA,NA,53,45,0,T2_B1_130,,,,NA,NA,,,NA,NA,1
572,121,26,3-Aug,124,11,130,2,6,0.014333333,0.484666666,0.093444444,572,NA,NA,NA,NA,NA,121,4960,0,T1_B2_130,,,11,NA,NA,42,18,NA,NA,1
707,134,49,1-Aug,144,11,130,2,8,0.014333333,0.014333333,5.320833333,707,NA,NA,NA,NA,NA,134,5760,0,T3_B2_130,,,12,NA,NA,66.3,20,NA,NA,1
820,137,,2-Aug,130,11,130,3,9,0.014333333,0.014333333,0.025222222,820,NA,NA,NA,NA,NA,137,5200,0,T2_B3_130,19,7,13,NA,NA,56,23,NA,NA,1
850,,,,,11,130,3,9,0.014333333,0.014333333,0.082333333,850,NA,NA,NA,NA,NA,,0,0,T2_B3_130,,,,NA,NA,50.5,10,NA,NA,1
922,146,,4-Aug,177,11,130,3,10,0.014333333,0.052,0.024333333,922,NA,NA,NA,NA,NA,146,7080,0,T3_B3_130,36,9,24,NA,NA,67,32,NA,NA,1
928,118,,23-Aug,101,11,130,3,10,,0,0.042466667,928,NA,NA,NA,NA,NA,118,4040,0,T3_B3_130,,,,NA,NA,,,NA,NA,1
974,122,,18-Aug,108,11,130,3,10,0.014333333,0.014333333,0.03325,974,NA,NA,NA,NA,NA,122,4320,0,T2_B3_130,33.2,9,9,NA,NA,65.7,11,NA,NA,1
419,41,0,27-Aug,5,3,9,2,5,0.056666667,0.056666667,0.110333333,419,1,62,46,8,21685.96,41,200,2,T1_B2_9,19,,6,2,0.333333333,26.5,4,3,0.75,2
81,21,0,,,3,9,1,1,0.056666667,0.065333334,0.065333334,81,5,13,70,5,31147.468,21,0,2,T1_B1_9,19.5,7,8,6,0.75,31.5,5,3,0.6,2
430,18,0,,0,3,9,2,5,0.056666667,0.056666667,0.0195,430,7,13,16,3,13329.505,18,0,2,T1_B2_9,,,7,3,0.428571429,19,3,2,0.666666667,2
900,33,0,,0,3,9,3,9,0.056666667,0.056666667,0.014333333,900,10,25,41,8,26715.688,33,9,2,T1_B3_9,26,7,9,6,0.666666667,35.5,2,2,1,2
673,35,0,,,3,9,2,7,0.056666667,0.056666667,0.0035,673,12,55,39,9,39573.906,35,0,2,T1_B2_9,,,7,6,0.857142857,37.5,4,3,0.75,2
440,22,0,,0,3,9,2,5,0.056666667,0.056666667,0.049555556,440,14,69,79,2,53421.688,22,0,2,T1_B2_9,,,6,2,0.333333333,28,5,4,0.8,2
513,8,0,,,3,9,2,6,0.056666667,0.056666667,0.1485,513,NA,NA,NA,NA,NA,8,0,2,T1_B2_9,,,4,2,0.5,6.5,0,,1,2
749,27,0,,3,3,9,3,8,0.056666667,0.056666667,0.004333333,749,NA,NA,NA,NA,NA,27,120,2,T2_B3_9,,,7,3,0.428571429,,0,,1,2
772,21,0,,,3,9,3,8,0.056666667,0.056666667,0.014333333,772,NA,NA,NA,NA,NA,21,0,2,T1_B3_9,17,8,8,3,0.375,26,7,6,0.857142857,2
1000,,,,0,3,9,3,10,0.056666667,0.056666667,0,1000,NA,NA,NA,NA,NA,,0,2,T2_B3_9,24.6,8,8,6,0.75,19.5,0,,1,2
1017,26,,28-Aug,2,3,9,1,11,0.056666667,0.056666667,5.320833333,1017,NA,NA,NA,NA,NA,26,80,2,T3_B3_9,7.1,5,6,6,1,11,3,3,1,2
1046,,,,0,3,9,1,11,0.056666667,0.056666667,0.084,1046,NA,NA,NA,NA,NA,,0,2,T2_B3_9,,,4,4,1,,,,1,2
1037,17,,,2,3,12,1,11,0.1485,0.1485,0.03325,1037,5,19,23,4,7353.601,17,80,2,T2_B3_12,13.5,4,4,4,1,15.5,1,0,0,2
990,,,,0,3,12,3,10,0.1485,0.1485,0.066291667,990,11,34,21,3,21324.212,,0,2,T2_B3_12,22.5,7,6,5,0.833333333,20.1,0,,1,2
512,39,0,,,3,12,2,6,0.1485,0.1485,0.071833333,512,NA,NA,NA,NA,NA,39,0,2,T1_B2_12,,,4,2,0.5,10,4,2,0.5,2
527,38,0,27-Aug,,3,12,2,6,0.1485,0.1495,0.035625,527,NA,NA,NA,NA,NA,38,2,2,T1_B2_12,,,7,4,0.571428571,21.2,2,1,0.5,2
649,61,0,22-Aug,13,3,12,2,7,0.1485,0.235,0.004666667,649,NA,NA,NA,NA,NA,61,520,2,T1_B2_12,,,7,4,0.571428571,18.2,4,3,0.75,2
744,35,0,25-Aug,5,3,12,3,8,0.1485,0.1485,0.025222222,744,NA,NA,NA,NA,NA,35,200,2,T2_B3_12,,,6,3,0.5,30,5,3,0.6,2
763,42,0,30-Aug,2,3,12,3,8,0.1485,0.1485,0.004333333,763,NA,NA,NA,NA,NA,42,160,2,T1_B3_12,25,7,7,5,0.714285714,29.5,3,2,0.666666667,2
1055,,,,0,3,12,1,11,0.1485,0.1485,0.004666667,1055,NA,NA,NA,NA,NA,,0,2,T2_B3_12,10.1,6,5,5,1,8,0,,1,2
654,42,0,23-Aug,10,3,15,2,7,0.0348,0.0348,0.07,654,8,25,54,5,20200.808,42,400,2,T1_B2_15,,,7,5,0.714285714,29.2,5,3,0.6,2
185,54,6,13-Aug,22,3,15,1,2,0.0348,0.0348,0.0348,185,NA,NA,NA,NA,NA,54,880,2,T1_B1_15,15.1,7,9,3,0.333333333,28,7,3,0.428571429,2
776,44,0,28-Aug,8,3,15,3,8,0.0348,0.0348,0.041,776,NA,NA,NA,NA,NA,44,320,2,T1_B3_15,15,7,9,5,0.555555556,19,3,1,0.333333333,2
888,48,0,30-Aug,5,3,15,3,9,0.0348,0.0348,0.03325,888,NA,NA,NA,NA,NA,48,200,2,T1_B3_15,18,5,7,5,0.714285714,28,5,3,0.6,2
1052,,,,0,3,15,1,11,0.0348,0.0348,0.0035,1052,NA,NA,NA,NA,NA,,0,2,T2_B3_15,7,5,7,7,1,,,,1,2
197,14,0,30-Aug,1,3,16,1,2,0.018333333,0.018333333,0.018333333,197,NA,NA,NA,NA,NA,14,40,2,T1_B1_96,,,4,1,0.25,9.4,2,2,1,2
761,,,,,3,16,3,8,0.018333333,0.018333333,5.320833333,761,NA,NA,NA,NA,NA,,0,2,T1_B3_16,9,6,,,,,,,,2
896,50,0,30-Aug,3,3,19,3,9,,0,0.004333333,896,6,90,147,3,95873.863,50,120,2,T1_B3_19,28,7,7,4,0.571428571,39,3,2,0.666666667,2
1002,17,,,3,3,19,1,11,,0,0.056666667,1002,8,85,139,3,91869.966,17,120,2,T2_B3_19,9.5,5,6,6,1,13.3,4,3,0.75,2
390,17,0,,0,3,19,2,4,,0,16.07083333,390,NA,NA,NA,NA,NA,17,0,2,T3_B2_19,9,,7,3,0.428571429,10.5,3,3,1,2
409,72,0,23-Aug,6,3,19,2,5,,0,0.01375,409,NA,NA,NA,NA,NA,72,240,2,T1_B2_19,20,,7,2,0.285714286,31,7,4,0.571428571,2
421,22,0,28-Aug,1,3,19,2,5,,0,0.034625,421,NA,NA,NA,NA,NA,22,40,2,T1_B2_19,10.5,,6,4,0.666666667,15,4,3,0.75,2
998,,,,0,3,19,3,10,,0,0.082333333,998,NA,NA,NA,NA,NA,,0,2,T2_B3_19,18,5,8,8,1,11,0,,1,2
988,,,,0,3,24,3,10,0.022333333,0.022333333,0.008,988,NA,NA,NA,NA,NA,,0,2,T2_B3_24,,,,,,,,,,2
1074,21,,,0,3,24,2,11,0.022333333,0.022333333,5.320833333,1074,NA,NA,NA,NA,NA,21,0,2,T2_B3_24,14,6,6,6,1,17.5,3,3,1,2
892,,,,,3,29,3,9,0.212333333,0.212333333,0.01375,892,11,47,51,6,33257.482,13,0,2,T1_B3_29,9,6,6,5,0.833333333,14,0,,1,2
298,19,0,,,3,29,1,3,0.212333333,0.212333333,0.212333333,298,13,43,55,7,34776.116,19,0,2,T2_B1_29,19.9,8,7,3,0.428571429,10.9,4,4,1,2
659,15,0,,0,3,29,2,7,0.212333333,0.229333333,0.008,659,NA,NA,NA,NA,NA,15,0,2,T1_B2_29,,,7,4,0.571428571,18,4,3,0.75,2
1048,30,,29-Aug,3,3,29,1,11,0.212333333,0.212333333,0.056666667,1048,NA,NA,NA,NA,NA,30,120,2,T2_B3_29,14,6,7,7,1,10.8,3,3,1,2
1079,,,,0,3,30,2,11,0.049555556,0.049555556,0.110333333,1079,NA,NA,NA,NA,NA,,0,2,T2_B3_30,,,,,,,,,1,2
679,37,0,,4,4,34,2,7,0.0615,0.0615,0.056666667,679,NA,NA,NA,NA,NA,37,160,2,T1_B2_34,,,6,3,0.5,30,4,2,0.5,2
774,,,,,6,45,3,8,0.041,0.041,0.07,774,NA,NA,NA,NA,NA,,0,2,T1_B3_45,,,7,4,0.571428571,,0,,1,2
193,82,0,17-Aug,26,7,53,1,2,0.004,0.004,0.004,193,7,15,115,5,40980.588,82,1040,2,T1_B1_53,8.3,7,8,5,0.625,36.5,7,4,0.571428571,2
509,7,,,,7,53,2,6,0.004,0.004,0.03325,509,NA,NA,NA,NA,NA,7,0,2,T1_B2_53,,,,,,9.5,0,,1,2
663,,,,,7,53,2,7,0.004,0.004,0.025222222,663,NA,NA,NA,NA,NA,,0,2,T1_B2_53,,,5,5,1,,0,,1,2
199,85,2,13-Aug,23,8,57,1,2,0.0035,0.0035,0.0035,199,11,54,108,21,56381.841,85,920,2,T1_B1_57,24.7,9,7,3,0.428571429,35,7,4,0.571428571,2
393,69,0,20-Aug,6,8,57,2,4,0.0035,0.0035,0,393,13,28,44,5,30767.247,69,240,2,T3_B2_57,27,,10,5,0.5,50.5,5,3,0.6,2
1009,38,,29-Aug,1,8,57,1,11,0.0035,0.0035,0,1009,22,162,50,9,43476.542,38,40,2,T3_B3_57,13.7,5,5,5,1,28.5,3,3,1,2
432,40,0,20-Aug,3,8,57,2,5,0.0035,0.0125,0,432,NA,NA,NA,NA,NA,40,120,2,T1_B2_57,,,7,4,0.571428571,25,5,4,0.8,2
672,73,0,21-Aug,32,8,57,2,7,0.0035,0.0035,0,672,NA,NA,NA,NA,NA,73,1280,2,T1_B2_57,,,8,4,0.5,47.2,5,2,0.4,2
1051,,,,0,8,57,1,11,0.0035,0.0035,0.212333333,1051,NA,NA,NA,NA,NA,,0,2,T2_B3_57,7.5,4,4,4,1,,,,1,2
194,48,0,25-Aug,3,8,59,1,2,0.004666667,0.004666667,0.004666667,194,3,13,128,11,43892.23,48,120,2,T1_B1_59,22.6,5,5,2,0.4,27.5,4,3,0.75,2
186,29,0,29-Aug,1,8,59,1,2,0.004666667,0.004666667,0.004666667,186,NA,NA,NA,NA,NA,29,40,2,T1_B1_23,12.9,7,7,3,0.428571429,19,4,3,0.75,2
434,62,0,18-Aug,5,8,59,2,5,0.004666667,0.004666667,0.0125,434,NA,NA,NA,NA,NA,62,200,2,T1_B2_59,,,8,3,0.375,40.3,5,2,0.4,2
648,25,0,,0,8,59,2,7,0.004666667,0.004666667,1.835833333,648,NA,NA,NA,NA,NA,25,0,2,T1_B2_59,,,6,6,1,17.3,0,,1,2
755,67,0,26-Aug,10,8,59,3,8,0.004666667,0.004666667,0.110333333,755,NA,NA,NA,NA,NA,67,400,2,T2_B3_59,21,7,6,3,0.5,37,4,3,0.75,2
1054,20,,3-Sep,2,8,59,1,11,0.004666667,0.004666667,0.0348,1054,NA,NA,NA,NA,NA,20,80,2,T2_B3_23,14.4,5,7,6,0.857142857,10.9,1,0,0,2
404,71,0,23-Aug,5,8,63,2,5,0.071833333,0.071833333,0.004333333,404,7,294,40,18,36108.117,71,200,2,T1_B2_63,29,,7,4,0.571428571,39.2,5,4,0.8,2
765,56,0,28-Aug,5,8,63,3,8,0.071833333,0.071833333,0.0445,765,8,67,51,8,18316.558,56,280,2,T1_B3_63,27,7,7,5,0.714285714,34.3,2,1,0.5,2
93,11.2,0,,,8,63,1,1,0.071833333,0.077166666,0.077166666,93,NA,NA,NA,NA,NA,11.2,0,2,T1_B1_63,11.2,6,5,3,0.6,9.5,0,,1,2
511,6,0,,,8,63,2,6,0.071833333,0.071833333,0.034625,511,NA,NA,NA,NA,NA,6,0,2,T1_B2_63,,,4,4,1,7,0,,1,2
1024,42,,2-Sep,2,8,63,1,11,0.071833333,0.071833333,0.034625,1024,NA,NA,NA,NA,NA,42,80,2,T3_B3_63,24,6,6,5,0.833333333,33.2,3,3,1,2
1057,,,,0,8,63,1,11,0.071833333,0.071833333,0.1485,1057,NA,NA,NA,NA,NA,,0,2,T2_B3_63,10,5,,,,,,,1,2
751,17,0,,0,8,65,3,8,0.018666667,0.018666667,0.056666667,751,10,19,44,3,32571.113,17,0,2,T2_B3_65,,,7,4,0.571428571,29,0,,1,2
675,22,0,,,8,65,2,7,0.018666667,0.018666667,0.086444444,675,13,16,48,1,34814.057,22,0,2,T1_B2_65,,,8,3,0.375,,4,3,0.75,2
417,64,0,22-Aug,6,8,65,2,5,0.018666667,0.035666667,0.019666666,417,NA,NA,NA,NA,NA,64,240,2,T1_B2_65,20.5,,9,4,0.444444444,26,7,4,0.571428571,2
420,60,0,24-Aug,6,8,67,2,5,0.034625,0.034625,0.056666667,420,5,48,36,13,12990.315,60,240,2,T1_B2_67,16.5,,6,3,0.5,29,3,3,1,2
1061,,,,0,8,67,1,11,0.034625,0.034625,0.036,1061,8,33,28,15,11321.967,,0,2,T2_B3_67,,,,,,16.5,1,1,1,2
510,15,0,,,8,67,2,6,0.034625,0.034625,0.004,510,NA,NA,NA,NA,NA,15,0,2,T1_B2_67,,,5,3,0.6,11,0,,1,2
519,25,0,29-Aug,,8,67,2,6,0.034625,0.035625,0.011,519,NA,NA,NA,NA,NA,25,1,2,T1_B2_67,,,5,4,0.8,14,3,3,1,2
747,,,,4,8,67,3,8,0.034625,0.034625,0,747,NA,NA,NA,NA,NA,,160,2,T2_B3_67,,,6,3,0.5,30,3,1,0.333333333,2
897,100,0,27-Aug,29,8,67,3,9,0.034625,0.034625,0,897,NA,NA,NA,NA,NA,100,1160,2,T1_B3_67,25,8,8,6,0.75,43,6,4,0.666666667,2
989,,,,0,8,67,3,10,0.034625,0.066291667,0.022333333,989,NA,NA,NA,NA,NA,,0,2,T2_B3_67,15.6,6,7,7,1,,0,,1,2
1021,39,,1-Sep,2,8,67,1,11,0.034625,0.034625,0.056666667,1021,NA,NA,NA,NA,NA,39,80,2,T3_B3_67,15.5,6,7,6,0.857142857,22,3,2,0.666666667,2
293,19,0,,,8,68,1,3,0.004333333,0.004333333,0.004333333,293,1,24,14,4,5509.724,19,0,2,T2_B1_68,19,9,7,3,0.428571429,20.7,4,3,0.75,2
401,,,,,8,68,2,5,0.004333333,0.004333333,0.07,401,3,27,12,5,4872.142,,0,2,T2_B1_68,,,5,3,0.6,,0,,1,2
667,77,0,21-Aug,14,8,68,2,7,0.004333333,15.36633333,0,667,3,10,35,8,10501.806,77,560,2,T1_B2_68,,,7,4,0.571428571,40,3,2,0.666666667,2
762,29,0,,,8,68,3,8,0.004333333,0.004333333,0.018333333,762,7,14,10,7,8648.703,29,0,2,T1_B3_68,23,9,10,7,0.7,35.2,5,4,0.8,2
184,32,0,,,8,68,1,2,0.004333333,0.004333333,0.004333333,184,8,13,26,0,13569.669,32,0,2,T1_B1_68,22,8,7,4,0.571428571,32,5,4,0.8,2
410,78,0,22-Aug,6,8,68,2,5,0.004333333,0.004333333,0,410,NA,NA,NA,NA,NA,78,240,2,T1_B2_68,19.5,,6,2,0.333333333,29,4,1,0.25,2
506,42,0,27-Aug,,8,68,2,6,0.004333333,0.004333333,0,506,NA,NA,NA,NA,NA,42,6,2,T1_B2_68,,,7,3,0.428571429,25,3,1,0.333333333,2
535,35,0,,4,8,68,2,6,0.004333333,0.424833333,0.058666667,535,NA,NA,NA,NA,NA,35,160,2,T1_B2_68,,,8,6,0.75,19,4,4,1,2
748,65,0,22-Aug,12,8,68,3,8,0.004333333,0.004333333,0.034625,748,NA,NA,NA,NA,NA,65,480,2,T2_B3_68,,,8,4,0.5,37.2,4,3,0.75,2
894,28,0,2-Sep,2,8,68,3,9,0.004333333,0.004333333,0.212333333,894,NA,NA,NA,NA,NA,28,80,2,T1_B3_68,13,6,5,4,0.8,20,2,2,1,2
1038,44,,28-Aug,4,8,68,1,11,0.004333333,0.004333333,0.1485,1038,NA,NA,NA,NA,NA,44,160,2,T3_B3_68,17,5,6,5,0.833333333,25,3,1,0.333333333,2
1076,13,,,0,8,68,2,11,0.004333333,0.004333333,0.086444444,1076,NA,NA,NA,NA,NA,13,0,2,T2_B3_68,9,6,6,6,1,14,0,,1,2
1064,25,,2-Sep,2,8,70,1,11,0.001333333,0.001333333,0.0155,1064,3,82,139,3,55862.03,25,80,2,T2_B3_70,14,5,6,6,1,22,4,1,0.25,2
195,85,6,5-Aug,73,8,70,1,2,0.001333333,0.001333333,0.001333333,195,NA,NA,NA,NA,NA,85,2920,2,T1_B1_70,19.7,7,9,3,0.333333333,37,7,1,0.142857143,2
758,60,0,24-Aug,12,8,70,3,8,0.001333333,0.001333333,0.004,758,NA,NA,NA,NA,NA,60,480,2,T2_B3_70,16,6,9,5,0.555555556,28.3,4,3,0.75,2
1039,,,,,8,70,1,11,0.001333333,0.001333333,0.004333333,1039,NA,NA,NA,NA,NA,,0,2,T3_B3_70,,,8,5,0.625,,,,1,2
83,13,0,,,8,71,1,1,0.025222222,0.058222222,0.058222222,83,NA,NA,NA,NA,NA,13,0,2,T1_B1_71,14.5,8,7,4,0.571428571,22,3,2,0.666666667,2
282,43,0,27-Aug,6,8,71,1,3,0.025222222,0.025222222,0.025222222,282,NA,NA,NA,NA,NA,43,240,2,T2_B1_17,23,8,7,3,0.428571429,30.2,4,4,1,2
291,34,0,19-Aug,4,8,71,1,3,0.025222222,0.025222222,0.025222222,291,NA,NA,NA,NA,NA,34,160,2,T2_B1_71,19.9,9,6,3,0.5,20.5,4,3,0.75,2
387,66,2,13-Aug,15,8,71,2,4,0.025222222,0.025222222,0.025222222,387,NA,NA,NA,NA,NA,66,600,2,T3_B2_71,,,8,4,0.5,30.7,6,3,0.5,2
423,57,0,,4,8,71,2,5,0.025222222,0.025222222,0.014333333,423,NA,NA,NA,NA,NA,57,160,2,T1_B2_71,24,,7,3,0.428571429,38,7,5,0.714285714,2
426,62,4,12-Aug,7,8,71,2,5,0.025222222,0.025222222,0.025222222,426,NA,NA,NA,NA,NA,62,280,2,T1_B2_71,,,8,3,0.375,29,5,2,0.4,2
661,,,,,8,71,2,7,0.025222222,0.025222222,0.229333333,661,NA,NA,NA,NA,NA,,0,2,T1_B2_71,,,4,4,1,22,0,,1,2
743,59,0,26-Aug,5,8,71,3,8,0.025222222,0.025222222,6.226,743,NA,NA,NA,NA,NA,59,200,2,T2_B3_71,,,6,3,0.5,46.4,3,1,0.333333333,2
883,52,0,29-Aug,6,8,71,3,9,0.025222222,0.025222222,0.004,883,NA,NA,NA,NA,NA,52,240,2,T1_B3_71,20,8,8,5,0.625,29.2,4,3,0.75,2
993,30,0,1-Sep,2,8,71,3,10,0.025222222,0.025222222,0.004,993,NA,NA,NA,NA,NA,30,80,2,T2_B3_71,16.4,5,6,0,0,20.5,3,1,0.333333333,2
756,85,0,24-Aug,15,8,72,3,8,0.086444444,0.086444444,0.004666667,756,21,36,88,10,27869.788,85,600,2,T2_B3_72,25,7,8,4,0.5,52,4,3,0.75,2
436,49,0,21-Aug,3,8,72,2,5,0.086444444,2.390444444,0.004666667,436,NA,NA,NA,NA,NA,49,120,2,T1_B2_72,,,6,3,0.5,15,4,3,0.75,2
674,,,,,8,72,2,7,0.086444444,0.086444444,0.056666667,674,NA,NA,NA,NA,NA,,0,2,T1_B2_72,,,5,4,0.8,,,,1,2
1075,14,,,0,8,72,2,11,0.086444444,0.086444444,0.022333333,1075,NA,NA,NA,NA,NA,14,0,2,T2_B3_72,9.1,4,3,3,1,11,2,2,1,2
429,30,0,27-Aug,3,8,73,2,5,0.0195,0.0195,0.04325,429,NA,NA,NA,NA,NA,30,120,2,T1_B2_73,,,5,2,0.4,19,2,1,0.5,2
671,20,0,,,8,73,2,7,,0,0.0155,671,NA,NA,NA,NA,NA,20,0,2,T1_B2_73,,,,,,,,,,2
766,57,0,28-Aug,5,8,73,3,8,0.0195,0.023833333,0.071833333,766,NA,NA,NA,NA,NA,57,360,2,T1_B3_73,23,7,8,5,0.625,37.2,5,4,0.8,2
1042,,,,0,8,73,1,11,0.0195,0.0195,0.082333333,1042,NA,NA,NA,NA,NA,,0,2,T2_B3_73,14.6,7,7,6,0.857142857,20.1,2,1,0.5,2
528,19,0,29-Aug,,8,76,2,6,0.0445,0.0525,0.1495,528,NA,NA,NA,NA,NA,19,1,2,T1_B2_76,,,6,3,0.5,14,3,2,0.666666667,2
644,,,,,8,76,2,7,0.0445,0.0445,0.03325,644,NA,NA,NA,NA,NA,,0,2,T1_B2_76,,,,,1,15.2,3,3,1,2
764,37,0,28-Aug,3,8,76,3,8,0.0445,0.0445,0.1485,764,NA,NA,NA,NA,NA,37,200,2,T1_B3_76,17,6,,,,23,3,1,0.333333333,2
995,23,0,3-Sep,1,8,76,3,10,0.0445,0.0445,0.025222222,995,NA,NA,NA,NA,NA,23,40,2,T2_B3_76,14,5,6,5,0.833333333,18.6,4,3,0.75,2
396,93,2,13-Aug,21,8,78,2,4,0.0155,0.0165,0.0035,396,10,5,33,4,16747.398,93,840,2,T3_B2_78,17,,10,5,0.5,30.9,9,4,0.444444444,2
669,,,,,8,78,2,7,0.0155,0.0155,15.36633333,669,NA,NA,NA,NA,NA,,0,2,T1_B2_78,,,5,4,0.8,23.3,3,2,0.666666667,2
1063,16,,,0,8,78,1,11,0.0155,0.0155,0.034625,1063,NA,NA,NA,NA,NA,16,0,2,T2_B3_78,14.6,4,4,4,1,,,,1,2
534,15,0,,,8,80,2,6,0.056666667,0.058666667,0.0525,534,0,82,28,8,23005.958,15,0,2,T1_B2_80,,,6,4,0.666666667,11,4,4,1,2
182,60,6,7-Aug,34,8,80,1,2,0.056666667,0.056666667,0.056666667,182,3,54,139,2,55862.03,60,1360,2,T1_B1_80,25.4,9,8,2,0.25,40,7,4,0.571428571,2
1020,14,,,2,8,80,1,11,0.056666667,0.056666667,0.056666667,1020,3,82,113,3,55862.03,14,80,2,T3_B3_80,8.1,5,5,5,1,9,3,3,1,2
678,25,0,,2,8,80,2,7,0.056666667,0.056666667,0.01375,678,16,2,73,14,41073.354,25,80,2,T1_B2_80,,,6,3,0.5,20.2,4,3,0.75,2
437,80,0,17-Aug,6,8,80,2,5,0.056666667,0.056666667,2.390444444,437,NA,NA,NA,NA,NA,80,240,2,T1_B2_80,,,8,3,0.375,40,6,3,0.5,2
778,40,0,29-Aug,9,8,80,3,8,0.056666667,0.056666667,0.173666667,778,NA,NA,NA,NA,NA,40,360,2,T1_B3_80,19,8,8,5,0.625,25,4,2,0.5,2
1077,21,,,0,8,80,2,11,0.056666667,0.056666667,0.004333333,1077,NA,NA,NA,NA,NA,21,0,2,T2_B3_80,10,5,6,5,0.833333333,14,2,1,0.5,2
427,,,,,8,81,2,5,0.03325,0.04325,0.025222222,427,7,8,33,10,39653.216,,0,2,T1_B2_81,,,7,4,0.571428571,20,4,3,0.75,2
507,30,0,28-Aug,,8,81,2,6,0.03325,0.03325,0.004333333,507,NA,NA,NA,NA,NA,30,4,2,T1_B2_81,,,5,3,0.6,25.2,2,1,0.5,2
642,54,0,22-Aug,6,8,81,2,7,0.03325,0.03325,3.696333333,642,NA,NA,NA,NA,NA,54,240,2,T1_B2_81,,,7,4,0.571428571,27.3,2,1,0.5,2
779,42,0,28-Aug,3,8,81,3,8,0.03325,0.03325,0.056666667,779,NA,NA,NA,NA,NA,42,120,2,T1_B3_81,19,7,9,5,0.555555556,30,2,1,0.5,2
887,52,0,31-Aug,9,8,81,3,9,0.03325,0.03325,0.025222222,887,NA,NA,NA,NA,NA,52,360,2,T1_B3_81,19,6,6,4,0.666666667,29,4,2,0.5,2
1036,,,,1,8,81,1,11,0.03325,0.03325,0.004,1036,NA,NA,NA,NA,NA,,40,2,T3_B3_81,12.8,5,5,5,1,15.4,3,2,0.666666667,2
1031,19,,,1,8,82,1,11,0.110333333,0.110333333,0.071833333,1031,6,62,7,3,9815.528,19,40,2,T3_B3_82,15.5,6,6,6,1,15.2,0,,1,2
412,58,0,23-Aug,4,8,82,2,5,0.110333333,0.110333333,0.004333333,412,NA,NA,NA,NA,NA,58,160,2,T1_B2_82,18,,6,2,0.333333333,30.3,4,3,0.75,2
418,42,0,29-Aug,4,8,82,2,5,0.110333333,0.110333333,0.035666667,418,NA,NA,NA,NA,NA,42,160,2,T1_B2_82,12,,6,2,0.333333333,22.5,4,3,0.75,2
646,66,0,21-Aug,16,8,82,2,7,0.110333333,1.835833333,0.0445,646,NA,NA,NA,NA,NA,66,640,2,T1_B2_82,,,9,5,0.555555556,43.2,5,5,1,2
753,59,0,25-Aug,3,8,82,3,8,0.110333333,0.110333333,0.018666667,753,NA,NA,NA,NA,NA,59,120,2,T2_B3_82,19,6,7,4,0.571428571,29,3,2,0.666666667,2
1078,28,,1-Sep,1,8,82,2,11,0.110333333,0.110333333,0.056666667,1078,NA,NA,NA,NA,NA,28,40,2,T2_B3_82,12.2,7,7,7,1,12,0,,1,2
518,8,0,,,9,87,2,6,0.008,0.011,0.004,518,NA,NA,NA,NA,NA,8,0,2,T1_B2_87,,,6,3,0.5,19,0,,1,2
656,33,0,,3,9,87,2,7,0.008,0.008,0.0348,656,NA,NA,NA,NA,NA,33,120,2,T1_B2_87,,,8,4,0.5,24.3,5,5,1,2
741,17,0,,,9,87,3,8,0.008,0.008,0.071833333,741,NA,NA,NA,NA,NA,17,0,2,T2_B3_87,,,7,5,0.714285714,17,0,,1,2
985,,,,0,9,87,3,10,0.008,0.008,6.212,985,NA,NA,NA,NA,NA,,0,2,T2_B3_87,,,,,,,,,,2
1014,15,,,2,9,91,1,11,0.036,0.036,0.0035,1014,7,12,105,7,62426.408,15,80,2,T3_B3_91,13.5,6,4,4,1,15.5,4,3,0.75,2
399,8,0,,0,9,91,2,4,0.036,0.036,0.0165,399,NA,NA,NA,NA,NA,8,0,2,T3_B3_91,,,6,4,0.666666667,,0,,1,2
780,28,0,,,9,91,3,8,0.036,0.036,0.03325,780,NA,NA,NA,NA,NA,28,0,2,T3_B3_91,17,7,7,6,0.857142857,20,2,2,1,2
890,33,0,2-Sep,1,9,91,3,9,0.036,0.036,0.0348,890,NA,NA,NA,NA,NA,33,40,2,T1_B3_91,12,7,7,7,1,18.3,4,4,1,2
1060,46,,1-Sep,5,9,91,1,11,0.036,0.036,0.173666667,1060,NA,NA,NA,NA,NA,46,200,2,T2_B3_91,17.3,6,7,4,0.571428571,20.8,5,4,0.8,2
439,,,,0,9,96,2,5,0.049555556,0.049555556,0.07,439,NA,NA,NA,NA,NA,,0,2,T1_B2_96,,,4,2,0.5,59.5,12,0,0,2
1080,,,,0,9,96,2,11,0.1715,0.1715,0.049555556,1080,NA,NA,NA,NA,NA,,0,2,T2_B3_96,5.4,4,2,2,1,,,,1,2
406,46,0,23-Aug,4,10,100,2,5,0.01375,0.01375,0.014333333,406,9,90,39,5,20211.187,46,160,2,T1_B2_100,20,,6,3,0.5,28,4,2,0.5,2
677,,,,,10,100,2,7,0.01375,0.01375,0,677,NA,NA,NA,NA,NA,,0,2,T1_B2_100,,,3,2,0.666666667,,,,1,2
891,15,0,,0,10,100,3,9,0.01375,0.01375,0.036,891,NA,NA,NA,NA,NA,15,0,2,T1_B3_100,15,6,6,6,1,15.6,5,5,1,2
757,68,0,25-Aug,9,10,106,3,8,0.004,0.004,0.086444444,757,17,79,208,25,61287.406,68,360,2,T2_B3_106,21,8,9,4,0.444444444,37.5,3,2,0.666666667,2
515,10,0,,,10,106,2,6,0.004,0.004,0.056666667,515,NA,NA,NA,NA,NA,10,0,2,T1_B2_106,,,,,,8,1,,1,2
516,12,0,,,10,106,2,6,0.004,0.004,0.004,516,NA,NA,NA,NA,NA,12,0,2,T1_B2_106,,,,,,7.5,0,,1,2
882,16,0,,0,10,106,3,9,0.004,0.004,6.212,882,NA,NA,NA,NA,NA,16,0,2,T1_B3_106,13,7,6,6,1,16.5,0,,1,2
992,20,,,1,10,106,3,10,0.004,0.004,0.1485,992,NA,NA,NA,NA,NA,20,40,2,T2_B3_106,17,5,6,6,1,18,2,1,0.5,2
1032,23,,,1,10,106,1,11,0.004,0.004,0.110333333,1032,NA,NA,NA,NA,NA,23,40,2,T3_B3_106,17.6,6,5,5,1,21.5,2,1,0.5,2
187,24,0,,,10,109,1,2,6.212,6.212,6.212,187,7,9,23,5,15359.016,24,0,2,T1_B1_109,17.5,8,7,4,0.571428571,29,3,3,1,2
881,32,0,2-Sep,1,10,109,3,9,6.212,6.212,0.056666667,881,8,2,29,4,16078.219,32,40,2,T1_B3_109,15,8,6,6,1,24,4,4,1,2
742,54,0,29-Aug,4,10,109,3,8,6.212,6.226,0.008,742,NA,NA,NA,NA,NA,54,160,2,T2_B3_109,,,9,6,0.666666667,49,2,2,1,2
984,24,0,2-Sep,2,10,109,3,10,6.212,6.212,0.173666667,984,NA,NA,NA,NA,NA,24,80,2,T2_B3_109,19.6,6,5,5,1,20,2,2,1,2
1016,50,,25-Aug,9,11,113,1,11,5.320833333,5.320833333,0.036,1016,8,24,55,6,20917.447,50,360,2,T3_B3_113,19,6,7,6,0.857142857,35,4,3,0.75,2
767,49,0,26-Aug,6,11,113,3,8,5.320833333,5.3275,0.023833333,767,9,20,52,3,19835.681,49,320,2,T1_B3_113,23,7,8,5,0.625,41,4,3,0.75,2
97,,,,,11,113,1,1,5.320833333,5.3285,5.3285,97,NA,NA,NA,NA,NA,,0,2,T1_B1_113,16.7,6,7,7,1,,0,,1,2
383,16,0,,0,11,113,2,4,5.320833333,5.320833333,5.320833333,383,NA,NA,NA,NA,NA,16,0,2,T3_B2_113,10.5,,5,4,0.8,10.4,3,2,0.666666667,2
389,,,,,11,113,2,4,5.320833333,16.07083333,0,389,NA,NA,NA,NA,NA,,0,2,T3_B2_113,,,6,5,0.833333333,,0,,1,2
414,30,0,26-Aug,4,11,113,2,5,5.320833333,5.320833333,0.082333333,414,NA,NA,NA,NA,NA,30,160,2,T1_B2_113,16,,6,3,0.5,21,4,3,0.75,2
415,37,0,25-Aug,4,11,113,2,5,5.320833333,5.320833333,5.320833333,415,NA,NA,NA,NA,NA,37,160,2,T1_B2_113,15,,7,4,0.571428571,22,4,3,0.75,2
676,53,0,22-Aug,8,11,113,2,7,,0,0.018666667,676,NA,NA,NA,NA,NA,53,320,2,T1_B2_113,,,,,,,,,,2
760,70,8,9-Aug,42,11,113,3,8,5.320833333,5.320833333,0.014333333,760,NA,NA,NA,NA,NA,70,1680,2,T2_B3_113,20,7,11,5,0.454545455,51.3,6,4,0.666666667,2
981,19,0,2-Sep,1,11,113,3,10,5.320833333,5.320833333,0.004333333,981,NA,NA,NA,NA,NA,19,40,2,T2_B3_113,13.2,6,7,5,0.714285714,13.5,4,2,0.5,2
1071,23,,2-Sep,3,11,113,2,11,5.320833333,5.320833333,0.07,1071,NA,NA,NA,NA,NA,23,120,2,T2_B3_113,13.5,4,,,,19,3,1,0.333333333,2
431,,,,0,11,117,2,5,,0,0.056666667,431,2,1,32,2,33422.658,,0,2,T1_B2_117,,,7,3,0.428571429,29,4,2,0.5,2
665,33,0,29-Aug,5,11,117,2,7,,0,0.004,665,6,46,23,6,20046.781,33,200,2,T1_B2_117,,,7,4,0.571428571,33.2,0,,1,2
746,0,0,,7,11,117,3,8,,0,0.1485,746,NA,NA,NA,NA,NA,0,280,2,T2_B3_117,,,8,6,0.75,29.5,4,3,0.75,2
438,29,0,,0,11,121,2,5,0.07,0.07,0.056666667,438,3,8,12,2,6215.917,29,0,2,T1_B2_121,,,8,3,0.375,30.5,6,2,0.333333333,2
653,18,0,,0,11,121,2,7,0.07,0.07,0.014333333,653,7,31,52,13,24652.746,18,0,2,T1_B2_121,,,8,4,0.5,23,4,4,1,2
400,,,,,11,121,2,5,0.07,0.07,0.036,400,NA,NA,NA,NA,NA,,0,2,T3_B2_121,8,,6,2,0.333333333,10,4,4,1,2
773,,,,,11,121,3,8,0.07,0.07,0.056666667,773,NA,NA,NA,NA,NA,,0,2,T1_B3_121,8,7,6,4,0.666666667,13,0,,1,2
1068,,,,0,11,121,1,11,0.07,0.07,0.001333333,1068,NA,NA,NA,NA,NA,,0,2,T2_B3_121,,,4,4,1,7,0,,1,2
899,35,0,,0,11,125,3,9,0.014333333,0.014333333,0.034625,899,4,10,10,1,4930.294,35,0,2,T1_B3_130,24,8,9,7,0.777777778,37,6,4,0.666666667,2
416,27,0,,2,11,125,2,5,0.014333333,0.019666666,5.320833333,416,18,26,65,8,43955.43,27,80,2,T1_B2_130,18,,7,4,0.571428571,25,4,3,0.75,2
405,33,0,27-Aug,3,11,125,2,5,0.014333333,0.014333333,0.071833333,405,NA,NA,NA,NA,NA,33,120,2,T1_B2_130,13.5,,6,3,0.5,15.3,4,3,0.75,2
422,33,0,28-Aug,2,11,125,2,5,0.014333333,0.014333333,0,422,NA,NA,NA,NA,NA,33,80,2,T1_B2_130,13,,6,3,0.5,21,4,2,0.5,2
652,17,0,,1,11,125,2,7,0.014333333,0.014333333,0.235,652,NA,NA,NA,NA,NA,17,40,2,T1_B2_130,,,8,5,0.625,17,2,1,0.5,2
759,12,0,,0,11,125,3,8,0.014333333,0.014333333,0.001333333,759,NA,NA,NA,NA,NA,12,0,2,T2_B3_130,10,5,6,3,0.5,10,0,,1,2
770,20,0,,,11,125,3,8,0.014333333,0.014333333,0.083333333,770,NA,NA,NA,NA,NA,20,0,2,T1_B3_130,17,6,10,9,0.9,29,5,5,1,2
768,26,0,26-Aug,5,11,128,3,8,0.082333333,0.083333333,5.3275,768,6,8,30,3,6896.244,26,200,2,T1_B3_128,18,8,9,4,0.444444444,25,6,6,1,2
413,35,0,27-Aug,3,11,128,2,5,0.082333333,0.082333333,0.110333333,413,NA,NA,NA,NA,NA,35,120,2,T1_B2_128,19,,5,3,0.6,30.7,3,2,0.666666667,2
996,25,,,1,11,128,3,10,0.082333333,0.082333333,0.0445,996,NA,NA,NA,NA,NA,25,40,2,T2_B3_128,24.1,4,6,6,1,28,4,4,1,2
1040,20,,,1,11,128,1,11,0.082333333,0.082333333,0.001333333,1040,NA,NA,NA,NA,NA,20,40,2,T3_B3_128,,,8,8,1,10.8,4,4,1,2
1043,20,,,1,11,128,1,11,0.082333333,0.084,0.0195,1043,NA,NA,NA,NA,NA,20,40,2,T2_B3_128,22.1,8,9,9,1,20.4,0,,1,2
777,39,0,30-Aug,4,11,129,3,8,0.173666667,0.173666667,0.0348,777,4,8,7,2,5542.648,39,160,2,T1_B3_129,23,6,9,5,0.555555556,33,3,3,1,2
982,,,,3,11,129,3,10,0.173666667,0.173666667,5.320833333,982,NA,NA,NA,NA,NA,,120,2,T2_B3_129,,,7,5,0.714285714,21,4,4,1,2
1059,,,,0,11,129,1,11,0.173666667,0.173666667,0.071833333,1059,NA,NA,NA,NA,NA,,0,2,T2_B3_129,8.3,4,5,5,1,6,0,,1,2
,,,,,,,,,,,,,,,,,,,,,,,,,,,,,,,0